1	2	1
1	3	1
1	4	1
1	5	1
1	6	1
1	7	1
1	8	1
1	14	0
1	15	0
1	17	0
1	18	0
1	23	0
1	28	0
1	36	0
1	37	0
1	45	0
1	46	0
1	47	0
1	48	0
1	49	0
1	52	0
1	55	0
1	61	0
1	62	0
1	73	0
1	76	0
1	78	0
1	80	0
1	82	0
1	85	0
1	86	0
1	89	0
1	90	0
1	93	0
1	94	0
1	96	0
1	102	0
1	103	0
1	106	0
1	110	0
1	116	0
1	117	0
1	118	0
1	121	0
1	123	0
1	124	0
1	126	0
1	129	0
1	132	0
1	137	0
1	140	0
1	149	0
2	3	1
2	4	1
2	5	1
2	6	1
2	7	1
2	8	1
2	13	0
2	15	0
2	19	0
2	20	0
2	22	0
2	24	0
2	28	0
2	29	0
2	32	0
2	33	0
2	36	0
2	38	0
2	46	0
2	47	0
2	51	0
2	57	0
2	58	0
2	59	0
2	60	0
2	62	0
2	63	0
2	64	0
2	70	0
2	73	0
2	75	0
2	76	0
2	78	0
2	83	0
2	88	0
2	91	0
2	92	0
2	93	0
2	95	0
2	96	0
2	97	0
2	98	0
2	100	0
2	102	0
2	107	0
2	111	0
2	112	0
2	113	0
2	117	0
2	118	0
2	119	0
2	121	0
2	122	0
2	125	0
2	129	0
2	130	0
2	132	0
2	138	0
2	140	0
2	144	0
2	145	0
2	146	0
2	148	0
3	4	1
3	5	1
3	6	1
3	7	1
3	8	1
3	9	0
3	16	0
3	17	0
3	32	0
3	33	0
3	34	0
3	42	0
3	43	0
3	47	0
3	48	0
3	51	0
3	55	0
3	56	0
3	62	0
3	64	0
3	67	0
3	69	0
3	72	0
3	74	0
3	79	0
3	84	0
3	87	0
3	90	0
3	92	0
3	96	0
3	97	0
3	101	0
3	104	0
3	111	0
3	118	0
3	119	0
3	121	0
3	122	0
3	123	0
3	125	0
3	128	0
3	130	0
3	131	0
3	134	0
3	135	0
3	139	0
3	142	0
4	5	1
4	6	1
4	7	1
4	8	1
4	9	0
4	10	0
4	13	0
4	19	0
4	20	0
4	21	0
4	22	0
4	24	0
4	32	0
4	39	0
4	40	0
4	42	0
4	45	0
4	48	0
4	55	0
4	58	0
4	60	0
4	63	0
4	66	0
4	68	0
4	70	0
4	71	0
4	73	0
4	74	0
4	76	0
4	79	0
4	83	0
4	87	0
4	89	0
4	93	0
4	95	0
4	96	0
4	97	0
4	99	0
4	100	0
4	102	0
4	104	0
4	105	0
4	108	0
4	111	0
4	117	0
4	122	0
4	127	0
4	128	0
4	129	0
4	131	0
4	138	0
4	144	0
4	145	0
5	6	1
5	7	1
5	8	1
5	11	0
5	19	0
5	22	0
5	29	0
5	36	0
5	37	0
5	39	0
5	44	0
5	51	0
5	56	0
5	59	0
5	63	0
5	65	0
5	66	0
5	68	0
5	73	0
5	74	0
5	78	0
5	87	0
5	97	0
5	102	0
5	103	0
5	104	0
5	105	0
5	111	0
5	113	0
5	122	0
5	123	0
5	127	0
5	128	0
5	131	0
5	132	0
5	136	0
5	137	0
5	139	0
5	140	0
5	141	0
5	142	0
5	144	0
5	145	0
5	147	0
5	149	0
5	150	0
6	7	1
6	8	1
6	13	0
6	15	0
6	16	0
6	17	0
6	24	0
6	36	0
6	37	0
6	50	0
6	53	0
6	55	0
6	58	0
6	62	0
6	64	0
6	66	0
6	67	0
6	73	0
6	74	0
6	81	0
6	83	0
6	88	0
6	90	0
6	92	0
6	93	0
6	95	0
6	96	0
6	104	0
6	105	0
6	106	0
6	107	0
6	108	0
6	113	0
6	115	0
6	117	0
6	126	0
6	127	0
6	132	0
6	133	0
6	139	0
6	142	0
6	143	0
6	144	0
6	146	0
6	149	0
7	8	1
7	9	0
7	11	0
7	15	0
7	17	0
7	18	0
7	21	0
7	22	0
7	28	0
7	36	0
7	38	0
7	41	0
7	47	0
7	50	0
7	59	0
7	61	0
7	65	0
7	66	0
7	68	0
7	73	0
7	74	0
7	75	0
7	76	0
7	77	0
7	79	0
7	80	0
7	83	0
7	84	0
7	86	0
7	93	0
7	94	0
7	95	0
7	99	0
7	107	0
7	109	0
7	110	0
7	112	0
7	121	0
7	124	0
7	125	0
7	126	0
7	128	0
7	136	0
7	138	0
7	139	0
7	140	0
7	143	0
7	145	0
7	148	0
8	9	0
8	11	0
8	12	0
8	14	0
8	17	0
8	22	0
8	25	0
8	26	0
8	30	0
8	34	0
8	36	0
8	37	0
8	39	0
8	40	0
8	46	0
8	48	0
8	49	0
8	50	0
8	52	0
8	58	0
8	61	0
8	63	0
8	64	0
8	67	0
8	70	0
8	72	0
8	74	0
8	76	0
8	79	0
8	81	0
8	85	0
8	89	0
8	90	0
8	93	0
8	94	0
8	98	0
8	102	0
8	110	0
8	113	0
8	114	0
8	117	0
8	121	0
8	122	0
8	123	0
8	125	0
8	128	0
8	133	0
8	136	0
8	137	0
8	138	0
8	139	0
8	141	0
8	142	0
8	144	0
8	148	0
9	10	1
9	11	1
9	12	1
9	13	1
9	14	1
9	15	1
9	16	1
9	17	1
9	18	1
9	19	1
9	20	1
9	21	1
9	22	1
9	24	0
9	26	0
9	27	0
9	30	0
9	32	0
9	33	0
9	34	0
9	36	0
9	38	0
9	39	0
9	45	0
9	47	0
9	50	0
9	51	0
9	52	0
9	55	0
9	56	0
9	60	0
9	62	0
9	63	0
9	70	0
9	71	0
9	74	0
9	77	0
9	82	0
9	87	0
9	88	0
9	89	0
9	92	0
9	94	0
9	97	0
9	103	0
9	105	0
9	108	0
9	112	0
9	113	0
9	126	0
9	127	0
9	128	0
9	132	0
9	135	0
9	136	0
9	139	0
9	142	0
9	143	0
9	145	0
9	148	0
10	11	1
10	12	1
10	13	1
10	14	1
10	15	1
10	16	1
10	17	1
10	18	1
10	19	1
10	20	1
10	21	1
10	22	1
10	30	0
10	32	0
10	35	0
10	36	0
10	40	0
10	43	0
10	47	0
10	48	0
10	49	0
10	50	0
10	57	0
10	59	0
10	63	0
10	68	0
10	69	0
10	76	0
10	80	0
10	81	0
10	85	0
10	87	0
10	88	0
10	91	0
10	107	0
10	108	0
10	110	0
10	113	0
10	114	0
10	115	0
10	118	0
10	120	0
10	125	0
10	126	0
10	127	0
10	129	0
10	130	0
10	132	0
10	145	0
10	147	0
11	12	1
11	13	1
11	14	1
11	15	1
11	16	1
11	17	1
11	18	1
11	19	1
11	20	1
11	21	1
11	22	1
11	23	0
11	26	0
11	27	0
11	30	0
11	37	0
11	39	0
11	40	0
11	44	0
11	45	0
11	47	0
11	48	0
11	51	0
11	53	0
11	54	0
11	55	0
11	57	0
11	58	0
11	59	0
11	61	0
11	62	0
11	64	0
11	65	0
11	66	0
11	67	0
11	70	0
11	72	0
11	78	0
11	82	0
11	84	0
11	87	0
11	88	0
11	90	0
11	97	0
11	98	0
11	102	0
11	103	0
11	106	0
11	107	0
11	108	0
11	109	0
11	110	0
11	112	0
11	128	0
11	135	0
11	137	0
11	142	0
11	150	0
12	13	1
12	14	1
12	15	1
12	16	1
12	17	1
12	18	1
12	19	1
12	20	1
12	21	1
12	22	1
12	23	0
12	24	0
12	30	0
12	35	0
12	37	0
12	38	0
12	40	0
12	45	0
12	47	0
12	48	0
12	51	0
12	57	0
12	62	0
12	64	0
12	65	0
12	67	0
12	68	0
12	73	0
12	74	0
12	79	0
12	80	0
12	81	0
12	85	0
12	86	0
12	88	0
12	89	0
12	91	0
12	95	0
12	102	0
12	112	0
12	114	0
12	115	0
12	116	0
12	117	0
12	118	0
12	119	0
12	124	0
12	126	0
12	128	0
12	129	0
12	130	0
12	132	0
12	133	0
12	134	0
12	138	0
12	139	0
13	14	1
13	15	1
13	16	1
13	17	1
13	18	1
13	19	1
13	20	1
13	21	1
13	22	1
13	25	0
13	27	0
13	31	0
13	35	0
13	37	0
13	39	0
13	43	0
13	46	0
13	49	0
13	50	0
13	53	0
13	69	0
13	71	0
13	72	0
13	74	0
13	76	0
13	77	0
13	79	0
13	81	0
13	84	0
13	85	0
13	87	0
13	88	0
13	92	0
13	95	0
13	98	0
13	100	0
13	101	0
13	106	0
13	113	0
13	117	0
13	119	0
13	121	0
13	123	0
13	124	0
13	125	0
13	129	0
13	131	0
13	134	0
13	138	0
13	143	0
13	148	0
14	15	1
14	16	1
14	17	1
14	18	1
14	19	1
14	20	1
14	21	1
14	22	1
14	25	0
14	27	0
14	31	0
14	34	0
14	37	0
14	39	0
14	40	0
14	50	0
14	51	0
14	54	0
14	56	0
14	63	0
14	65	0
14	74	0
14	76	0
14	77	0
14	86	0
14	94	0
14	95	0
14	99	0
14	102	0
14	103	0
14	107	0
14	108	0
14	112	0
14	117	0
14	119	0
14	123	0
14	124	0
14	125	0
14	132	0
14	136	0
14	146	0
14	147	0
15	16	1
15	17	1
15	18	1
15	19	1
15	20	1
15	21	1
15	22	1
15	24	0
15	26	0
15	29	0
15	30	0
15	31	0
15	32	0
15	34	0
15	37	0
15	38	0
15	39	0
15	41	0
15	45	0
15	47	0
15	55	0
15	63	0
15	65	0
15	68	0
15	69	0
15	78	0
15	79	0
15	84	0
15	89	0
15	90	0
15	92	0
15	94	0
15	96	0
15	97	0
15	98	0
15	99	0
15	100	0
15	101	0
15	102	0
15	103	0
15	106	0
15	108	0
15	110	0
15	112	0
15	114	0
15	116	0
15	119	0
15	124	0
15	125	0
15	126	0
15	132	0
15	134	0
15	135	0
15	138	0
15	142	0
15	143	0
15	149	0
15	150	0
16	17	1
16	18	1
16	19	1
16	20	1
16	21	1
16	22	1
16	27	0
16	30	0
16	32	0
16	33	0
16	36	0
16	39	0
16	44	0
16	54	0
16	56	0
16	58	0
16	61	0
16	65	0
16	67	0
16	68	0
16	69	0
16	70	0
16	74	0
16	80	0
16	85	0
16	86	0
16	94	0
16	95	0
16	99	0
16	100	0
16	101	0
16	104	0
16	106	0
16	108	0
16	111	0
16	118	0
16	119	0
16	121	0
16	123	0
16	129	0
16	131	0
16	133	0
16	135	0
16	138	0
16	140	0
16	141	0
16	146	0
16	148	0
16	150	0
17	18	1
17	19	1
17	20	1
17	21	1
17	22	1
17	24	0
17	26	0
17	29	0
17	30	0
17	31	0
17	36	0
17	37	0
17	38	0
17	42	0
17	46	0
17	47	0
17	49	0
17	52	0
17	53	0
17	59	0
17	63	0
17	68	0
17	69	0
17	71	0
17	76	0
17	84	0
17	91	0
17	95	0
17	97	0
17	98	0
17	104	0
17	105	0
17	108	0
17	115	0
17	118	0
17	119	0
17	123	0
17	124	0
17	125	0
17	126	0
17	130	0
17	132	0
17	138	0
17	140	0
17	145	0
17	146	0
17	148	0
17	149	0
17	150	0
18	19	1
18	20	1
18	21	1
18	22	1
18	24	0
18	27	0
18	48	0
18	51	0
18	54	0
18	57	0
18	65	0
18	66	0
18	69	0
18	71	0
18	73	0
18	75	0
18	79	0
18	80	0
18	84	0
18	86	0
18	88	0
18	90	0
18	93	0
18	99	0
18	105	0
18	106	0
18	109	0
18	111	0
18	112	0
18	114	0
18	115	0
18	121	0
18	127	0
18	128	0
18	131	0
18	134	0
18	135	0
18	136	0
18	137	0
18	138	0
18	141	0
19	20	1
19	21	1
19	22	1
19	25	0
19	27	0
19	28	0
19	29	0
19	30	0
19	31	0
19	35	0
19	44	0
19	47	0
19	51	0
19	53	0
19	55	0
19	61	0
19	62	0
19	63	0
19	65	0
19	70	0
19	71	0
19	74	0
19	76	0
19	82	0
19	83	0
19	85	0
19	88	0
19	91	0
19	94	0
19	96	0
19	105	0
19	106	0
19	115	0
19	117	0
19	118	0
19	119	0
19	120	0
19	122	0
19	124	0
19	125	0
19	129	0
19	131	0
19	135	0
19	136	0
19	138	0
19	140	0
19	141	0
19	143	0
19	144	0
19	145	0
19	146	0
19	147	0
19	148	0
19	149	0
20	21	1
20	22	1
20	24	0
20	29	0
20	30	0
20	33	0
20	34	0
20	37	0
20	39	0
20	40	0
20	44	0
20	45	0
20	46	0
20	47	0
20	50	0
20	51	0
20	52	0
20	53	0
20	55	0
20	60	0
20	63	0
20	64	0
20	65	0
20	69	0
20	70	0
20	72	0
20	73	0
20	74	0
20	77	0
20	81	0
20	83	0
20	86	0
20	87	0
20	92	0
20	96	0
20	97	0
20	103	0
20	107	0
20	111	0
20	113	0
20	114	0
20	116	0
20	118	0
20	124	0
20	125	0
20	133	0
20	135	0
20	136	0
20	138	0
21	22	1
21	24	0
21	27	0
21	30	0
21	37	0
21	39	0
21	40	0
21	50	0
21	53	0
21	55	0
21	58	0
21	62	0
21	63	0
21	68	0
21	71	0
21	72	0
21	74	0
21	77	0
21	79	0
21	83	0
21	89	0
21	90	0
21	91	0
21	93	0
21	94	0
21	97	0
21	98	0
21	102	0
21	104	0
21	105	0
21	106	0
21	109	0
21	110	0
21	112	0
21	118	0
21	127	0
21	128	0
21	130	0
21	132	0
21	133	0
21	137	0
21	138	0
21	140	0
21	141	0
21	146	0
22	27	0
22	28	0
22	29	0
22	33	0
22	34	0
22	35	0
22	36	0
22	38	0
22	43	0
22	45	0
22	48	0
22	50	0
22	51	0
22	52	0
22	53	0
22	60	0
22	62	0
22	66	0
22	68	0
22	71	0
22	73	0
22	75	0
22	79	0
22	82	0
22	84	0
22	87	0
22	90	0
22	91	0
22	92	0
22	96	0
22	104	0
22	106	0
22	107	0
22	109	0
22	111	0
22	112	0
22	113	0
22	114	0
22	115	0
22	121	0
22	124	0
22	125	0
22	129	0
22	130	0
22	131	0
22	134	0
22	135	0
22	137	0
22	148	0
22	150	0
23	24	1
23	25	1
23	26	1
23	27	1
23	28	1
23	29	1
23	30	1
23	31	1
23	32	1
23	33	1
23	34	1
23	35	1
23	36	1
23	37	1
23	44	0
23	48	0
23	60	0
23	62	0
23	63	0
23	64	0
23	65	0
23	68	0
23	69	0
23	70	0
23	71	0
23	75	0
23	77	0
23	81	0
23	83	0
23	84	0
23	102	0
23	109	0
23	110	0
23	116	0
23	121	0
23	127	0
23	133	0
23	136	0
23	139	0
23	140	0
23	141	0
23	142	0
23	144	0
24	25	1
24	26	1
24	27	1
24	28	1
24	29	1
24	30	1
24	31	1
24	32	1
24	33	1
24	34	1
24	35	1
24	36	1
24	37	1
24	38	0
24	40	0
24	42	0
24	44	0
24	45	0
24	47	0
24	51	0
24	52	0
24	54	0
24	55	0
24	56	0
24	57	0
24	58	0
24	59	0
24	61	0
24	63	0
24	69	0
24	72	0
24	75	0
24	76	0
24	78	0
24	79	0
24	84	0
24	85	0
24	86	0
24	88	0
24	89	0
24	91	0
24	93	0
24	95	0
24	97	0
24	100	0
24	102	0
24	107	0
24	109	0
24	111	0
24	112	0
24	113	0
24	123	0
24	124	0
24	125	0
24	130	0
24	132	0
24	136	0
24	138	0
24	140	0
24	144	0
24	145	0
24	148	0
25	26	1
25	27	1
25	28	1
25	29	1
25	30	1
25	31	1
25	32	1
25	33	1
25	34	1
25	35	1
25	36	1
25	37	1
25	38	0
25	40	0
25	41	0
25	42	0
25	43	0
25	44	0
25	46	0
25	49	0
25	50	0
25	52	0
25	53	0
25	56	0
25	59	0
25	61	0
25	67	0
25	70	0
25	73	0
25	74	0
25	78	0
25	79	0
25	86	0
25	87	0
25	88	0
25	89	0
25	90	0
25	98	0
25	101	0
25	109	0
25	112	0
25	115	0
25	117	0
25	118	0
25	119	0
25	122	0
25	123	0
25	124	0
25	125	0
25	126	0
25	128	0
25	130	0
25	136	0
25	141	0
25	146	0
25	148	0
25	149	0
25	150	0
26	27	1
26	28	1
26	29	1
26	30	1
26	31	1
26	32	1
26	33	1
26	34	1
26	35	1
26	36	1
26	37	1
26	39	0
26	40	0
26	53	0
26	54	0
26	56	0
26	58	0
26	61	0
26	66	0
26	68	0
26	72	0
26	74	0
26	81	0
26	87	0
26	91	0
26	93	0
26	94	0
26	99	0
26	101	0
26	106	0
26	110	0
26	116	0
26	125	0
26	127	0
26	132	0
26	141	0
26	142	0
26	143	0
26	144	0
26	146	0
27	28	1
27	29	1
27	30	1
27	31	1
27	32	1
27	33	1
27	34	1
27	35	1
27	36	1
27	37	1
27	38	0
27	39	0
27	43	0
27	45	0
27	47	0
27	50	0
27	51	0
27	55	0
27	56	0
27	57	0
27	64	0
27	73	0
27	75	0
27	76	0
27	78	0
27	79	0
27	81	0
27	83	0
27	84	0
27	90	0
27	93	0
27	94	0
27	96	0
27	100	0
27	104	0
27	105	0
27	106	0
27	109	0
27	110	0
27	116	0
27	117	0
27	118	0
27	120	0
27	122	0
27	124	0
27	125	0
27	126	0
27	129	0
27	130	0
27	133	0
27	134	0
27	136	0
27	138	0
27	140	0
27	143	0
27	147	0
27	148	0
27	149	0
28	29	1
28	30	1
28	31	1
28	32	1
28	33	1
28	34	1
28	35	1
28	36	1
28	37	1
28	41	0
28	45	0
28	48	0
28	51	0
28	56	0
28	60	0
28	62	0
28	63	0
28	68	0
28	74	0
28	75	0
28	76	0
28	77	0
28	78	0
28	81	0
28	83	0
28	85	0
28	86	0
28	90	0
28	93	0
28	101	0
28	102	0
28	109	0
28	112	0
28	115	0
28	117	0
28	118	0
28	119	0
28	132	0
28	138	0
28	139	0
28	140	0
28	142	0
28	143	0
28	146	0
28	149	0
29	30	1
29	31	1
29	32	1
29	33	1
29	34	1
29	35	1
29	36	1
29	37	1
29	40	0
29	49	0
29	51	0
29	54	0
29	58	0
29	65	0
29	70	0
29	74	0
29	75	0
29	77	0
29	81	0
29	82	0
29	84	0
29	94	0
29	99	0
29	101	0
29	103	0
29	106	0
29	107	0
29	108	0
29	112	0
29	114	0
29	116	0
29	117	0
29	125	0
29	130	0
29	133	0
29	142	0
29	144	0
29	145	0
29	146	0
29	147	0
29	148	0
30	31	1
30	32	1
30	33	1
30	34	1
30	35	1
30	36	1
30	37	1
30	38	0
30	39	0
30	43	0
30	44	0
30	45	0
30	55	0
30	57	0
30	59	0
30	60	0
30	62	0
30	64	0
30	67	0
30	69	0
30	74	0
30	83	0
30	88	0
30	89	0
30	91	0
30	94	0
30	99	0
30	101	0
30	103	0
30	105	0
30	106	0
30	110	0
30	111	0
30	116	0
30	118	0
30	119	0
30	123	0
30	125	0
30	131	0
30	133	0
30	134	0
30	135	0
30	136	0
30	138	0
30	139	0
30	143	0
31	32	1
31	33	1
31	34	1
31	35	1
31	36	1
31	37	1
31	42	0
31	45	0
31	49	0
31	50	0
31	51	0
31	53	0
31	55	0
31	57	0
31	59	0
31	68	0
31	73	0
31	74	0
31	80	0
31	85	0
31	87	0
31	91	0
31	94	0
31	95	0
31	96	0
31	97	0
31	98	0
31	101	0
31	102	0
31	103	0
31	105	0
31	107	0
31	118	0
31	123	0
31	129	0
31	130	0
31	131	0
31	132	0
31	133	0
31	134	0
31	137	0
31	138	0
31	139	0
31	140	0
31	144	0
31	145	0
31	148	0
31	150	0
32	33	1
32	34	1
32	35	1
32	36	1
32	37	1
32	38	0
32	44	0
32	47	0
32	57	0
32	63	0
32	65	0
32	66	0
32	79	0
32	81	0
32	82	0
32	84	0
32	89	0
32	91	0
32	93	0
32	95	0
32	100	0
32	104	0
32	107	0
32	108	0
32	109	0
32	114	0
32	127	0
32	129	0
32	130	0
32	133	0
32	135	0
32	136	0
32	143	0
32	145	0
32	146	0
32	147	0
32	148	0
33	34	1
33	35	1
33	36	1
33	37	1
33	39	0
33	44	0
33	46	0
33	48	0
33	50	0
33	55	0
33	60	0
33	62	0
33	69	0
33	70	0
33	71	0
33	72	0
33	73	0
33	75	0
33	77	0
33	79	0
33	80	0
33	82	0
33	89	0
33	94	0
33	98	0
33	102	0
33	104	0
33	106	0
33	108	0
33	111	0
33	112	0
33	114	0
33	118	0
33	121	0
33	122	0
33	124	0
33	127	0
33	128	0
33	129	0
33	130	0
33	135	0
33	140	0
33	141	0
33	142	0
33	145	0
33	146	0
33	148	0
33	150	0
34	35	1
34	36	1
34	37	1
34	39	0
34	41	0
34	45	0
34	46	0
34	47	0
34	50	0
34	51	0
34	52	0
34	53	0
34	54	0
34	60	0
34	63	0
34	64	0
34	66	0
34	67	0
34	74	0
34	75	0
34	77	0
34	80	0
34	81	0
34	82	0
34	84	0
34	89	0
34	95	0
34	96	0
34	99	0
34	101	0
34	102	0
34	105	0
34	108	0
34	111	0
34	116	0
34	120	0
34	121	0
34	123	0
34	124	0
34	127	0
34	128	0
34	136	0
34	137	0
34	138	0
34	139	0
34	142	0
34	144	0
34	146	0
34	150	0
35	36	1
35	37	1
35	38	0
35	42	0
35	45	0
35	46	0
35	52	0
35	56	0
35	61	0
35	62	0
35	64	0
35	65	0
35	68	0
35	70	0
35	73	0
35	78	0
35	80	0
35	83	0
35	84	0
35	89	0
35	91	0
35	93	0
35	96	0
35	99	0
35	104	0
35	108	0
35	112	0
35	118	0
35	122	0
35	123	0
35	127	0
35	129	0
35	132	0
35	133	0
35	135	0
35	136	0
35	139	0
35	140	0
35	141	0
35	144	0
36	37	1
36	40	0
36	42	0
36	44	0
36	47	0
36	53	0
36	54	0
36	56	0
36	59	0
36	66	0
36	75	0
36	76	0
36	82	0
36	83	0
36	84	0
36	88	0
36	92	0
36	94	0
36	95	0
36	96	0
36	98	0
36	99	0
36	100	0
36	101	0
36	103	0
36	105	0
36	106	0
36	107	0
36	116	0
36	120	0
36	125	0
36	126	0
36	129	0
36	130	0
36	134	0
36	135	0
36	143	0
36	150	0
37	39	0
37	40	0
37	44	0
37	45	0
37	46	0
37	48	0
37	51	0
37	53	0
37	59	0
37	60	0
37	66	0
37	68	0
37	73	0
37	75	0
37	76	0
37	81	0
37	83	0
37	90	0
37	91	0
37	97	0
37	98	0
37	99	0
37	100	0
37	106	0
37	107	0
37	110	0
37	115	0
37	119	0
37	124	0
37	126	0
37	132	0
37	133	0
37	134	0
37	135	0
37	136	0
37	137	0
37	141	0
37	142	0
37	144	0
37	147	0
37	149	0
38	39	1
38	40	1
38	41	1
38	42	1
38	43	1
38	44	1
38	45	1
38	46	1
38	47	1
38	48	1
38	54	0
38	57	0
38	58	0
38	59	0
38	60	0
38	61	0
38	70	0
38	71	0
38	72	0
38	75	0
38	76	0
38	81	0
38	84	0
38	85	0
38	86	0
38	92	0
38	93	0
38	96	0
38	99	0
38	101	0
38	103	0
38	105	0
38	106	0
38	109	0
38	114	0
38	116	0
38	119	0
38	120	0
38	121	0
38	126	0
38	130	0
38	138	0
38	140	0
38	141	0
38	146	0
38	147	0
38	148	0
38	150	0
39	40	1
39	41	1
39	42	1
39	43	1
39	44	1
39	45	1
39	46	1
39	47	1
39	48	1
39	49	0
39	50	0
39	51	0
39	52	0
39	55	0
39	57	0
39	58	0
39	61	0
39	62	0
39	71	0
39	72	0
39	73	0
39	78	0
39	79	0
39	80	0
39	82	0
39	83	0
39	86	0
39	87	0
39	88	0
39	90	0
39	92	0
39	94	0
39	96	0
39	99	0
39	107	0
39	109	0
39	110	0
39	112	0
39	114	0
39	115	0
39	116	0
39	118	0
39	124	0
39	128	0
39	135	0
39	139	0
39	144	0
39	147	0
39	149	0
39	150	0
40	41	1
40	42	1
40	43	1
40	44	1
40	45	1
40	46	1
40	47	1
40	48	1
40	53	0
40	57	0
40	59	0
40	61	0
40	63	0
40	64	0
40	69	0
40	72	0
40	77	0
40	80	0
40	81	0
40	86	0
40	88	0
40	89	0
40	90	0
40	95	0
40	96	0
40	105	0
40	106	0
40	109	0
40	110	0
40	120	0
40	125	0
40	127	0
40	129	0
40	130	0
40	135	0
40	136	0
40	140	0
40	143	0
40	146	0
40	150	0
41	42	1
41	43	1
41	44	1
41	45	1
41	46	1
41	47	1
41	48	1
41	49	0
41	51	0
41	55	0
41	61	0
41	64	0
41	66	0
41	74	0
41	81	0
41	85	0
41	89	0
41	91	0
41	93	0
41	99	0
41	101	0
41	103	0
41	105	0
41	107	0
41	109	0
41	113	0
41	114	0
41	115	0
41	116	0
41	123	0
41	124	0
41	125	0
41	126	0
41	128	0
41	131	0
41	133	0
41	135	0
41	137	0
41	143	0
41	144	0
41	146	0
42	43	1
42	44	1
42	45	1
42	46	1
42	47	1
42	48	1
42	49	0
42	50	0
42	51	0
42	52	0
42	55	0
42	58	0
42	67	0
42	71	0
42	74	0
42	75	0
42	77	0
42	85	0
42	87	0
42	90	0
42	92	0
42	93	0
42	95	0
42	96	0
42	102	0
42	109	0
42	115	0
42	118	0
42	119	0
42	120	0
42	121	0
42	124	0
42	127	0
42	129	0
42	130	0
42	133	0
42	134	0
42	136	0
42	140	0
42	141	0
42	142	0
42	145	0
42	150	0
43	44	1
43	45	1
43	46	1
43	47	1
43	48	1
43	49	0
43	52	0
43	56	0
43	58	0
43	60	0
43	62	0
43	63	0
43	64	0
43	67	0
43	69	0
43	72	0
43	73	0
43	76	0
43	77	0
43	78	0
43	82	0
43	83	0
43	92	0
43	97	0
43	99	0
43	102	0
43	105	0
43	108	0
43	109	0
43	112	0
43	114	0
43	115	0
43	118	0
43	121	0
43	122	0
43	124	0
43	127	0
43	129	0
43	135	0
43	136	0
43	137	0
43	139	0
43	142	0
43	144	0
43	147	0
43	150	0
44	45	1
44	46	1
44	47	1
44	48	1
44	49	0
44	51	0
44	53	0
44	60	0
44	64	0
44	65	0
44	77	0
44	83	0
44	84	0
44	88	0
44	97	0
44	98	0
44	101	0
44	102	0
44	104	0
44	111	0
44	116	0
44	117	0
44	119	0
44	124	0
44	125	0
44	127	0
44	135	0
44	137	0
44	140	0
44	141	0
44	146	0
45	46	1
45	47	1
45	48	1
45	49	0
45	52	0
45	55	0
45	57	0
45	61	0
45	63	0
45	65	0
45	66	0
45	67	0
45	69	0
45	73	0
45	77	0
45	78	0
45	88	0
45	90	0
45	94	0
45	97	0
45	98	0
45	106	0
45	107	0
45	108	0
45	112	0
45	113	0
45	114	0
45	118	0
45	120	0
45	122	0
45	129	0
45	132	0
45	133	0
45	135	0
45	136	0
45	139	0
45	142	0
45	143	0
45	144	0
45	146	0
45	149	0
46	47	1
46	48	1
46	50	0
46	53	0
46	55	0
46	57	0
46	58	0
46	63	0
46	64	0
46	66	0
46	67	0
46	71	0
46	75	0
46	76	0
46	79	0
46	83	0
46	93	0
46	94	0
46	95	0
46	96	0
46	98	0
46	103	0
46	104	0
46	106	0
46	108	0
46	111	0
46	113	0
46	124	0
46	125	0
46	129	0
46	130	0
46	131	0
46	135	0
46	136	0
46	140	0
46	143	0
46	147	0
46	148	0
46	150	0
47	48	1
47	49	0
47	50	0
47	55	0
47	56	0
47	57	0
47	61	0
47	69	0
47	71	0
47	76	0
47	77	0
47	80	0
47	82	0
47	84	0
47	88	0
47	89	0
47	93	0
47	94	0
47	98	0
47	100	0
47	101	0
47	104	0
47	105	0
47	106	0
47	107	0
47	111	0
47	113	0
47	114	0
47	116	0
47	117	0
47	118	0
47	126	0
47	128	0
47	130	0
47	132	0
47	133	0
47	134	0
47	137	0
47	139	0
47	144	0
47	145	0
47	148	0
47	149	0
47	150	0
48	50	0
48	51	0
48	53	0
48	57	0
48	58	0
48	59	0
48	60	0
48	61	0
48	65	0
48	67	0
48	69	0
48	74	0
48	76	0
48	79	0
48	81	0
48	83	0
48	84	0
48	85	0
48	86	0
48	94	0
48	95	0
48	97	0
48	99	0
48	101	0
48	102	0
48	103	0
48	104	0
48	106	0
48	107	0
48	110	0
48	112	0
48	116	0
48	117	0
48	118	0
48	120	0
48	126	0
48	128	0
48	129	0
48	130	0
48	132	0
48	135	0
48	137	0
48	139	0
48	142	0
48	143	0
49	50	1
49	51	1
49	52	1
49	53	1
49	54	1
49	55	1
49	56	1
49	57	1
49	58	1
49	59	1
49	61	0
49	62	0
49	64	0
49	65	0
49	66	0
49	67	0
49	68	0
49	76	0
49	84	0
49	85	0
49	87	0
49	88	0
49	89	0
49	91	0
49	94	0
49	96	0
49	97	0
49	99	0
49	104	0
49	110	0
49	111	0
49	115	0
49	116	0
49	124	0
49	130	0
49	132	0
49	135	0
49	141	0
49	146	0
49	147	0
49	149	0
50	51	1
50	52	1
50	53	1
50	54	1
50	55	1
50	56	1
50	57	1
50	58	1
50	59	1
50	60	0
50	62	0
50	64	0
50	66	0
50	67	0
50	68	0
50	69	0
50	70	0
50	78	0
50	80	0
50	84	0
50	85	0
50	90	0
50	94	0
50	95	0
50	102	0
50	103	0
50	104	0
50	105	0
50	109	0
50	115	0
50	116	0
50	117	0
50	118	0
50	119	0
50	123	0
50	124	0
50	125	0
50	127	0
50	129	0
50	136	0
50	138	0
50	140	0
50	142	0
50	144	0
50	146	0
50	150	0
51	52	1
51	53	1
51	54	1
51	55	1
51	56	1
51	57	1
51	58	1
51	59	1
51	63	0
51	64	0
51	67	0
51	71	0
51	72	0
51	73	0
51	77	0
51	79	0
51	81	0
51	83	0
51	86	0
51	89	0
51	92	0
51	93	0
51	94	0
51	96	0
51	97	0
51	98	0
51	99	0
51	104	0
51	105	0
51	107	0
51	111	0
51	113	0
51	115	0
51	116	0
51	122	0
51	124	0
51	130	0
51	133	0
51	136	0
51	140	0
51	144	0
51	147	0
51	149	0
51	150	0
52	53	1
52	54	1
52	55	1
52	56	1
52	57	1
52	58	1
52	59	1
52	60	0
52	62	0
52	72	0
52	75	0
52	77	0
52	78	0
52	80	0
52	81	0
52	82	0
52	83	0
52	84	0
52	85	0
52	88	0
52	89	0
52	90	0
52	92	0
52	93	0
52	95	0
52	96	0
52	99	0
52	104	0
52	109	0
52	113	0
52	117	0
52	127	0
52	129	0
52	130	0
52	134	0
52	136	0
52	141	0
52	146	0
52	147	0
53	54	1
53	55	1
53	56	1
53	57	1
53	58	1
53	59	1
53	60	0
53	61	0
53	63	0
53	66	0
53	69	0
53	71	0
53	72	0
53	74	0
53	75	0
53	77	0
53	82	0
53	87	0
53	90	0
53	91	0
53	95	0
53	96	0
53	99	0
53	104	0
53	106	0
53	112	0
53	116	0
53	126	0
53	127	0
53	128	0
53	133	0
53	134	0
53	135	0
53	136	0
53	138	0
53	145	0
53	148	0
53	149	0
53	150	0
54	55	1
54	56	1
54	57	1
54	58	1
54	59	1
54	68	0
54	72	0
54	77	0
54	82	0
54	95	0
54	96	0
54	100	0
54	102	0
54	104	0
54	105	0
54	106	0
54	107	0
54	109	0
54	111	0
54	112	0
54	119	0
54	125	0
54	126	0
54	127	0
54	128	0
54	129	0
54	133	0
54	138	0
54	141	0
54	143	0
54	144	0
54	146	0
54	149	0
55	56	1
55	57	1
55	58	1
55	59	1
55	60	0
55	63	0
55	65	0
55	70	0
55	72	0
55	73	0
55	79	0
55	82	0
55	84	0
55	85	0
55	86	0
55	97	0
55	99	0
55	101	0
55	102	0
55	104	0
55	105	0
55	106	0
55	107	0
55	109	0
55	111	0
55	112	0
55	113	0
55	120	0
55	127	0
55	129	0
55	130	0
55	132	0
55	142	0
55	143	0
55	145	0
55	147	0
55	149	0
56	57	1
56	58	1
56	59	1
56	61	0
56	66	0
56	68	0
56	69	0
56	76	0
56	77	0
56	80	0
56	82	0
56	84	0
56	85	0
56	87	0
56	88	0
56	90	0
56	91	0
56	96	0
56	98	0
56	102	0
56	103	0
56	106	0
56	111	0
56	114	0
56	118	0
56	120	0
56	121	0
56	124	0
56	125	0
56	128	0
56	132	0
56	133	0
56	134	0
56	136	0
56	138	0
56	139	0
56	140	0
56	141	0
56	143	0
56	147	0
57	58	1
57	59	1
57	60	0
57	67	0
57	69	0
57	76	0
57	77	0
57	79	0
57	87	0
57	89	0
57	91	0
57	96	0
57	102	0
57	105	0
57	107	0
57	108	0
57	109	0
57	110	0
57	111	0
57	114	0
57	121	0
57	122	0
57	123	0
57	128	0
57	129	0
57	133	0
57	135	0
57	136	0
57	138	0
57	139	0
57	143	0
58	59	1
58	66	0
58	69	0
58	72	0
58	78	0
58	80	0
58	82	0
58	86	0
58	89	0
58	90	0
58	93	0
58	104	0
58	108	0
58	112	0
58	120	0
58	123	0
58	125	0
58	126	0
58	128	0
58	130	0
58	131	0
58	132	0
58	134	0
58	135	0
58	137	0
58	143	0
58	144	0
58	150	0
59	64	0
59	67	0
59	68	0
59	71	0
59	74	0
59	80	0
59	83	0
59	85	0
59	86	0
59	87	0
59	96	0
59	98	0
59	103	0
59	104	0
59	107	0
59	109	0
59	112	0
59	119	0
59	120	0
59	127	0
59	131	0
59	135	0
59	136	0
59	140	0
59	143	0
59	149	0
59	150	0
60	61	1
60	62	1
60	63	1
60	64	1
60	65	1
60	66	1
60	67	1
60	68	1
60	69	1
60	70	1
60	71	1
60	72	0
60	77	0
60	81	0
60	83	0
60	87	0
60	90	0
60	91	0
60	93	0
60	95	0
60	103	0
60	105	0
60	108	0
60	109	0
60	110	0
60	113	0
60	115	0
60	119	0
60	122	0
60	128	0
60	129	0
60	130	0
60	132	0
60	136	0
60	139	0
60	140	0
60	142	0
60	149	0
60	150	0
61	62	1
61	63	1
61	64	1
61	65	1
61	66	1
61	67	1
61	68	1
61	69	1
61	70	1
61	71	1
61	74	0
61	76	0
61	81	0
61	82	0
61	88	0
61	89	0
61	91	0
61	100	0
61	102	0
61	103	0
61	105	0
61	107	0
61	109	0
61	110	0
61	113	0
61	116	0
61	119	0
61	120	0
61	121	0
61	124	0
61	126	0
61	127	0
61	128	0
61	136	0
61	137	0
61	138	0
61	139	0
61	145	0
61	148	0
62	63	1
62	64	1
62	65	1
62	66	1
62	67	1
62	68	1
62	69	1
62	70	1
62	71	1
62	75	0
62	79	0
62	81	0
62	82	0
62	85	0
62	86	0
62	88	0
62	90	0
62	94	0
62	98	0
62	107	0
62	110	0
62	111	0
62	112	0
62	114	0
62	118	0
62	120	0
62	127	0
62	138	0
62	146	0
62	147	0
63	64	1
63	65	1
63	66	1
63	67	1
63	68	1
63	69	1
63	70	1
63	71	1
63	75	0
63	78	0
63	79	0
63	80	0
63	82	0
63	89	0
63	90	0
63	91	0
63	92	0
63	97	0
63	105	0
63	106	0
63	107	0
63	111	0
63	112	0
63	115	0
63	116	0
63	119	0
63	121	0
63	122	0
63	124	0
63	125	0
63	130	0
63	132	0
63	134	0
63	135	0
63	136	0
63	137	0
63	139	0
63	140	0
63	141	0
63	142	0
63	146	0
63	147	0
63	148	0
63	150	0
64	65	1
64	66	1
64	67	1
64	68	1
64	69	1
64	70	1
64	71	1
64	73	0
64	75	0
64	76	0
64	78	0
64	81	0
64	84	0
64	89	0
64	90	0
64	91	0
64	104	0
64	106	0
64	114	0
64	120	0
64	122	0
64	125	0
64	126	0
64	130	0
64	131	0
64	141	0
64	142	0
64	143	0
64	144	0
65	66	1
65	67	1
65	68	1
65	69	1
65	70	1
65	71	1
65	75	0
65	76	0
65	77	0
65	87	0
65	97	0
65	98	0
65	102	0
65	106	0
65	109	0
65	110	0
65	112	0
65	114	0
65	116	0
65	123	0
65	126	0
65	128	0
65	131	0
65	132	0
65	133	0
65	134	0
65	135	0
65	139	0
65	141	0
65	142	0
65	143	0
65	148	0
65	149	0
66	67	1
66	68	1
66	69	1
66	70	1
66	71	1
66	73	0
66	74	0
66	79	0
66	82	0
66	86	0
66	88	0
66	91	0
66	96	0
66	98	0
66	107	0
66	108	0
66	110	0
66	111	0
66	112	0
66	118	0
66	123	0
66	126	0
66	131	0
66	132	0
66	133	0
66	137	0
66	138	0
66	141	0
66	143	0
66	144	0
66	145	0
66	148	0
66	150	0
67	68	1
67	69	1
67	70	1
67	71	1
67	72	0
67	75	0
67	80	0
67	82	0
67	86	0
67	89	0
67	90	0
67	96	0
67	97	0
67	98	0
67	100	0
67	101	0
67	102	0
67	104	0
67	106	0
67	109	0
67	117	0
67	122	0
67	124	0
67	129	0
67	130	0
67	136	0
67	138	0
67	139	0
67	149	0
67	150	0
68	69	1
68	70	1
68	71	1
68	72	0
68	74	0
68	76	0
68	79	0
68	84	0
68	85	0
68	86	0
68	88	0
68	93	0
68	97	0
68	98	0
68	101	0
68	106	0
68	109	0
68	112	0
68	119	0
68	120	0
68	121	0
68	122	0
68	124	0
68	129	0
68	130	0
68	131	0
68	135	0
68	141	0
68	143	0
68	144	0
68	150	0
69	70	1
69	71	1
69	73	0
69	74	0
69	79	0
69	85	0
69	87	0
69	96	0
69	97	0
69	99	0
69	101	0
69	104	0
69	105	0
69	106	0
69	111	0
69	112	0
69	116	0
69	117	0
69	120	0
69	121	0
69	123	0
69	125	0
69	126	0
69	128	0
69	129	0
69	131	0
69	132	0
69	133	0
69	135	0
69	136	0
69	137	0
69	138	0
69	142	0
69	143	0
69	144	0
69	146	0
70	71	1
70	73	0
70	78	0
70	82	0
70	86	0
70	89	0
70	90	0
70	91	0
70	92	0
70	93	0
70	95	0
70	107	0
70	110	0
70	113	0
70	114	0
70	115	0
70	118	0
70	119	0
70	120	0
70	123	0
70	125	0
70	128	0
70	129	0
70	130	0
70	140	0
70	141	0
70	142	0
70	145	0
70	147	0
70	149	0
71	73	0
71	77	0
71	84	0
71	85	0
71	87	0
71	90	0
71	92	0
71	94	0
71	95	0
71	96	0
71	99	0
71	101	0
71	102	0
71	103	0
71	104	0
71	110	0
71	111	0
71	113	0
71	114	0
71	115	0
71	117	0
71	123	0
71	126	0
71	129	0
71	130	0
71	133	0
71	135	0
71	136	0
71	137	0
71	139	0
71	141	0
71	142	0
71	146	0
71	147	0
71	149	0
72	73	1
72	74	1
72	75	1
72	76	1
72	77	1
72	78	1
72	79	1
72	80	1
72	81	1
72	82	1
72	83	1
72	84	1
72	85	1
72	86	1
72	92	0
72	93	0
72	95	0
72	99	0
72	100	0
72	104	0
72	106	0
72	107	0
72	109	0
72	110	0
72	113	0
72	126	0
72	127	0
72	128	0
72	129	0
72	130	0
72	131	0
72	135	0
72	138	0
72	139	0
72	140	0
72	143	0
72	147	0
72	148	0
72	150	0
73	74	1
73	75	1
73	76	1
73	77	1
73	78	1
73	79	1
73	80	1
73	81	1
73	82	1
73	83	1
73	84	1
73	85	1
73	86	1
73	89	0
73	90	0
73	92	0
73	94	0
73	95	0
73	99	0
73	101	0
73	104	0
73	112	0
73	113	0
73	122	0
73	123	0
73	125	0
73	126	0
73	127	0
73	128	0
73	131	0
73	135	0
73	136	0
73	137	0
73	144	0
73	145	0
73	146	0
74	75	1
74	76	1
74	77	1
74	78	1
74	79	1
74	80	1
74	81	1
74	82	1
74	83	1
74	84	1
74	85	1
74	86	1
74	88	0
74	91	0
74	97	0
74	98	0
74	99	0
74	107	0
74	108	0
74	110	0
74	112	0
74	113	0
74	117	0
74	119	0
74	121	0
74	122	0
74	125	0
74	127	0
74	129	0
74	134	0
74	135	0
74	136	0
74	141	0
74	148	0
75	76	1
75	77	1
75	78	1
75	79	1
75	80	1
75	81	1
75	82	1
75	83	1
75	84	1
75	85	1
75	86	1
75	90	0
75	92	0
75	94	0
75	108	0
75	110	0
75	111	0
75	112	0
75	118	0
75	120	0
75	126	0
75	128	0
75	129	0
75	130	0
75	133	0
75	134	0
75	135	0
75	138	0
75	141	0
75	142	0
75	144	0
75	148	0
76	77	1
76	78	1
76	79	1
76	80	1
76	81	1
76	82	1
76	83	1
76	84	1
76	85	1
76	86	1
76	93	0
76	101	0
76	102	0
76	103	0
76	105	0
76	107	0
76	112	0
76	113	0
76	114	0
76	115	0
76	116	0
76	125	0
76	127	0
76	128	0
76	131	0
76	133	0
76	134	0
76	136	0
76	139	0
76	140	0
76	141	0
76	143	0
76	147	0
76	149	0
77	78	1
77	79	1
77	80	1
77	81	1
77	82	1
77	83	1
77	84	1
77	85	1
77	86	1
77	87	0
77	88	0
77	92	0
77	97	0
77	101	0
77	104	0
77	108	0
77	111	0
77	114	0
77	119	0
77	120	0
77	128	0
77	129	0
77	132	0
77	134	0
77	139	0
77	140	0
77	150	0
78	79	1
78	80	1
78	81	1
78	82	1
78	83	1
78	84	1
78	85	1
78	86	1
78	88	0
78	91	0
78	92	0
78	95	0
78	98	0
78	107	0
78	109	0
78	110	0
78	115	0
78	116	0
78	118	0
78	120	0
78	125	0
78	127	0
78	128	0
78	130	0
78	132	0
78	133	0
78	135	0
78	136	0
78	144	0
78	150	0
79	80	1
79	81	1
79	82	1
79	83	1
79	84	1
79	85	1
79	86	1
79	88	0
79	91	0
79	97	0
79	99	0
79	101	0
79	103	0
79	104	0
79	105	0
79	106	0
79	107	0
79	111	0
79	115	0
79	117	0
79	119	0
79	123	0
79	127	0
79	132	0
79	133	0
79	138	0
79	140	0
79	142	0
79	145	0
79	150	0
80	81	1
80	82	1
80	83	1
80	84	1
80	85	1
80	86	1
80	88	0
80	90	0
80	91	0
80	97	0
80	100	0
80	103	0
80	104	0
80	105	0
80	109	0
80	110	0
80	113	0
80	114	0
80	115	0
80	116	0
80	130	0
80	132	0
80	138	0
80	141	0
80	147	0
80	148	0
81	82	1
81	83	1
81	84	1
81	85	1
81	86	1
81	87	0
81	89	0
81	92	0
81	96	0
81	99	0
81	101	0
81	104	0
81	105	0
81	110	0
81	111	0
81	113	0
81	115	0
81	116	0
81	118	0
81	121	0
81	123	0
81	126	0
81	130	0
81	132	0
81	136	0
81	137	0
81	144	0
81	145	0
81	147	0
81	148	0
82	83	1
82	84	1
82	85	1
82	86	1
82	87	0
82	90	0
82	95	0
82	102	0
82	105	0
82	121	0
82	126	0
82	127	0
82	129	0
82	132	0
82	135	0
82	138	0
82	139	0
82	141	0
82	142	0
82	143	0
83	84	1
83	85	1
83	86	1
83	87	0
83	90	0
83	94	0
83	96	0
83	100	0
83	101	0
83	102	0
83	106	0
83	107	0
83	111	0
83	113	0
83	116	0
83	121	0
83	131	0
83	132	0
83	137	0
83	138	0
83	144	0
84	85	1
84	86	1
84	87	0
84	89	0
84	98	0
84	99	0
84	101	0
84	104	0
84	109	0
84	111	0
84	115	0
84	116	0
84	121	0
84	123	0
84	133	0
84	135	0
84	138	0
84	142	0
84	144	0
84	145	0
84	146	0
84	149	0
84	150	0
85	86	1
85	87	0
85	90	0
85	91	0
85	92	0
85	94	0
85	97	0
85	103	0
85	104	0
85	116	0
85	123	0
85	127	0
85	134	0
85	136	0
85	137	0
85	138	0
85	141	0
85	142	0
85	145	0
86	88	0
86	89	0
86	90	0
86	92	0
86	94	0
86	98	0
86	99	0
86	102	0
86	104	0
86	105	0
86	109	0
86	113	0
86	117	0
86	118	0
86	119	0
86	123	0
86	124	0
86	130	0
86	133	0
86	138	0
86	142	0
86	144	0
87	88	1
87	89	1
87	90	1
87	91	1
87	92	1
87	93	1
87	94	1
87	95	1
87	98	0
87	107	0
87	108	0
87	113	0
87	115	0
87	119	0
87	127	0
87	128	0
87	130	0
87	132	0
87	137	0
87	138	0
87	139	0
87	142	0
87	143	0
87	146	0
88	89	1
88	90	1
88	91	1
88	92	1
88	93	1
88	94	1
88	95	1
88	96	0
88	98	0
88	100	0
88	114	0
88	115	0
88	119	0
88	124	0
88	125	0
88	127	0
88	130	0
88	133	0
88	134	0
88	138	0
88	141	0
88	144	0
88	145	0
88	146	0
88	149	0
88	150	0
89	90	1
89	91	1
89	92	1
89	93	1
89	94	1
89	95	1
89	97	0
89	99	0
89	100	0
89	101	0
89	103	0
89	104	0
89	105	0
89	109	0
89	110	0
89	111	0
89	112	0
89	113	0
89	114	0
89	116	0
89	120	0
89	122	0
89	126	0
89	129	0
89	131	0
89	136	0
89	140	0
89	144	0
89	145	0
89	146	0
89	148	0
90	91	1
90	92	1
90	93	1
90	94	1
90	95	1
90	96	0
90	98	0
90	99	0
90	100	0
90	103	0
90	105	0
90	111	0
90	112	0
90	113	0
90	114	0
90	118	0
90	119	0
90	123	0
90	124	0
90	126	0
90	127	0
90	132	0
90	133	0
90	134	0
90	140	0
90	141	0
90	143	0
90	145	0
91	92	1
91	93	1
91	94	1
91	95	1
91	99	0
91	100	0
91	102	0
91	104	0
91	105	0
91	107	0
91	109	0
91	110	0
91	111	0
91	112	0
91	113	0
91	118	0
91	120	0
91	124	0
91	125	0
91	129	0
91	137	0
91	141	0
91	142	0
91	145	0
91	147	0
91	148	0
92	93	1
92	94	1
92	95	1
92	102	0
92	109	0
92	111	0
92	113	0
92	116	0
92	118	0
92	119	0
92	123	0
92	127	0
92	128	0
92	129	0
92	131	0
92	132	0
92	135	0
92	137	0
92	141	0
92	143	0
92	146	0
92	150	0
93	94	1
93	95	1
93	96	0
93	102	0
93	103	0
93	109	0
93	110	0
93	113	0
93	114	0
93	115	0
93	117	0
93	121	0
93	122	0
93	123	0
93	126	0
93	129	0
93	134	0
93	135	0
93	137	0
93	138	0
93	139	0
93	142	0
93	143	0
93	147	0
93	149	0
93	150	0
94	95	1
94	96	0
94	99	0
94	100	0
94	102	0
94	105	0
94	117	0
94	120	0
94	122	0
94	125	0
94	127	0
94	128	0
94	130	0
94	131	0
94	132	0
94	133	0
94	137	0
94	141	0
94	142	0
94	144	0
94	146	0
94	148	0
94	149	0
94	150	0
95	101	0
95	107	0
95	108	0
95	109	0
95	113	0
95	114	0
95	117	0
95	122	0
95	124	0
95	128	0
95	129	0
95	133	0
95	134	0
95	140	0
95	141	0
95	142	0
95	145	0
96	97	1
96	98	1
96	99	1
96	100	1
96	101	1
96	102	1
96	103	1
96	104	1
96	105	1
96	106	1
96	107	1
96	108	1
96	109	1
96	110	1
96	116	0
96	119	0
96	121	0
96	123	0
96	124	0
96	125	0
96	127	0
96	132	0
96	137	0
96	140	0
96	147	0
96	149	0
97	98	1
97	99	1
97	100	1
97	101	1
97	102	1
97	103	1
97	104	1
97	105	1
97	106	1
97	107	1
97	108	1
97	109	1
97	110	1
97	118	0
97	120	0
97	124	0
97	128	0
97	130	0
97	134	0
97	137	0
97	138	0
97	139	0
97	140	0
97	141	0
97	143	0
97	144	0
97	145	0
98	99	1
98	100	1
98	101	1
98	102	1
98	103	1
98	104	1
98	105	1
98	106	1
98	107	1
98	108	1
98	109	1
98	110	1
98	118	0
98	121	0
98	124	0
98	127	0
98	132	0
98	141	0
98	142	0
98	144	0
98	147	0
99	100	1
99	101	1
99	102	1
99	103	1
99	104	1
99	105	1
99	106	1
99	107	1
99	108	1
99	109	1
99	110	1
99	112	0
99	113	0
99	114	0
99	116	0
99	117	0
99	121	0
99	123	0
99	126	0
99	127	0
99	129	0
99	132	0
99	133	0
99	134	0
99	136	0
99	137	0
99	138	0
99	140	0
99	143	0
99	144	0
99	146	0
99	150	0
100	101	1
100	102	1
100	103	1
100	104	1
100	105	1
100	106	1
100	107	1
100	108	1
100	109	1
100	110	1
100	113	0
100	119	0
100	123	0
100	127	0
100	131	0
100	133	0
100	134	0
100	136	0
100	137	0
100	145	0
100	146	0
100	148	0
100	150	0
101	102	1
101	103	1
101	104	1
101	105	1
101	106	1
101	107	1
101	108	1
101	109	1
101	110	1
101	111	0
101	114	0
101	115	0
101	117	0
101	118	0
101	121	0
101	127	0
101	133	0
101	134	0
101	135	0
101	141	0
101	142	0
101	147	0
101	148	0
101	150	0
102	103	1
102	104	1
102	105	1
102	106	1
102	107	1
102	108	1
102	109	1
102	110	1
102	111	0
102	112	0
102	114	0
102	117	0
102	118	0
102	123	0
102	124	0
102	130	0
102	132	0
102	139	0
103	104	1
103	105	1
103	106	1
103	107	1
103	108	1
103	109	1
103	110	1
103	111	0
103	117	0
103	119	0
103	120	0
103	121	0
103	126	0
103	127	0
103	128	0
103	129	0
103	131	0
103	132	0
103	135	0
103	140	0
103	141	0
103	143	0
103	145	0
103	146	0
103	148	0
103	149	0
103	150	0
104	105	1
104	106	1
104	107	1
104	108	1
104	109	1
104	110	1
104	111	0
104	114	0
104	116	0
104	117	0
104	129	0
104	130	0
104	131	0
104	133	0
104	136	0
104	137	0
104	140	0
104	142	0
104	146	0
104	149	0
105	106	1
105	107	1
105	108	1
105	109	1
105	110	1
105	117	0
105	119	0
105	121	0
105	122	0
105	123	0
105	125	0
105	131	0
105	134	0
105	138	0
105	139	0
105	140	0
105	142	0
105	143	0
105	150	0
106	107	1
106	108	1
106	109	1
106	110	1
106	111	0
106	113	0
106	118	0
106	122	0
106	126	0
106	127	0
106	128	0
106	132	0
106	133	0
106	135	0
106	136	0
106	137	0
106	139	0
106	143	0
106	146	0
107	108	1
107	109	1
107	110	1
107	113	0
107	114	0
107	115	0
107	116	0
107	118	0
107	121	0
107	122	0
107	124	0
107	125	0
107	126	0
107	127	0
107	131	0
107	133	0
107	139	0
107	142	0
107	146	0
107	149	0
108	109	1
108	110	1
108	111	0
108	115	0
108	117	0
108	118	0
108	125	0
108	132	0
108	134	0
108	136	0
108	138	0
108	139	0
108	140	0
108	142	0
108	144	0
108	146	0
108	147	0
108	149	0
109	110	1
109	112	0
109	118	0
109	119	0
109	120	0
109	121	0
109	122	0
109	123	0
109	124	0
109	134	0
109	135	0
109	139	0
109	141	0
109	142	0
109	144	0
110	111	0
110	114	0
110	115	0
110	117	0
110	118	0
110	119	0
110	123	0
110	126	0
110	129	0
110	132	0
110	133	0
110	135	0
110	137	0
110	142	0
110	144	0
110	145	0
110	148	0
110	150	0
111	112	1
111	113	1
111	114	1
111	115	1
111	116	1
111	117	1
111	118	1
111	119	1
111	120	1
111	121	1
111	122	1
111	123	1
111	124	1
111	125	1
111	126	0
111	131	0
111	134	0
111	139	0
111	141	0
111	143	0
111	145	0
111	146	0
111	148	0
111	149	0
112	113	1
112	114	1
112	115	1
112	116	1
112	117	1
112	118	1
112	119	1
112	120	1
112	121	1
112	122	1
112	123	1
112	124	1
112	125	1
112	129	0
112	130	0
112	135	0
112	137	0
112	138	0
112	141	0
112	145	0
112	148	0
113	114	1
113	115	1
113	116	1
113	117	1
113	118	1
113	119	1
113	120	1
113	121	1
113	122	1
113	123	1
113	124	1
113	125	1
113	126	0
113	128	0
113	129	0
113	131	0
113	133	0
113	136	0
113	138	0
113	141	0
113	142	0
113	144	0
113	145	0
113	149	0
114	115	1
114	116	1
114	117	1
114	118	1
114	119	1
114	120	1
114	121	1
114	122	1
114	123	1
114	124	1
114	125	1
114	127	0
114	129	0
114	130	0
114	138	0
114	140	0
114	148	0
114	149	0
114	150	0
115	116	1
115	117	1
115	118	1
115	119	1
115	120	1
115	121	1
115	122	1
115	123	1
115	124	1
115	125	1
115	126	0
115	127	0
115	128	0
115	129	0
115	130	0
115	132	0
115	133	0
115	137	0
115	142	0
115	143	0
116	117	1
116	118	1
116	119	1
116	120	1
116	121	1
116	122	1
116	123	1
116	124	1
116	125	1
116	127	0
116	129	0
116	136	0
116	139	0
116	142	0
116	149	0
117	118	1
117	119	1
117	120	1
117	121	1
117	122	1
117	123	1
117	124	1
117	125	1
117	126	0
117	130	0
117	132	0
117	133	0
117	136	0
117	144	0
117	145	0
117	148	0
117	150	0
118	119	1
118	120	1
118	121	1
118	122	1
118	123	1
118	124	1
118	125	1
118	140	0
118	143	0
118	144	0
118	149	0
118	150	0
119	120	1
119	121	1
119	122	1
119	123	1
119	124	1
119	125	1
119	128	0
119	131	0
119	141	0
119	143	0
119	146	0
119	147	0
120	121	1
120	122	1
120	123	1
120	124	1
120	125	1
120	131	0
120	136	0
120	141	0
120	142	0
120	146	0
120	150	0
121	122	1
121	123	1
121	124	1
121	125	1
121	126	0
121	127	0
121	130	0
121	133	0
121	136	0
121	139	0
121	142	0
122	123	1
122	124	1
122	125	1
122	130	0
122	131	0
122	132	0
122	134	0
122	136	0
122	137	0
122	139	0
122	143	0
122	149	0
123	124	1
123	125	1
123	132	0
123	133	0
123	135	0
123	138	0
123	140	0
123	141	0
123	142	0
123	146	0
123	147	0
123	149	0
124	125	1
124	128	0
124	132	0
124	133	0
124	134	0
124	136	0
124	137	0
124	138	0
124	140	0
124	141	0
124	143	0
124	148	0
124	149	0
125	126	0
125	127	0
125	128	0
125	129	0
125	139	0
125	141	0
125	142	0
125	146	0
125	149	0
126	127	1
126	128	1
126	129	1
126	130	1
126	131	1
126	132	1
126	133	1
126	134	1
126	135	1
126	136	0
126	137	0
126	138	0
126	140	0
126	141	0
126	143	0
126	145	0
126	148	0
126	150	0
127	128	1
127	129	1
127	130	1
127	131	1
127	132	1
127	133	1
127	134	1
127	135	1
127	136	0
127	138	0
127	139	0
127	141	0
127	143	0
127	146	0
127	148	0
128	129	1
128	130	1
128	131	1
128	132	1
128	133	1
128	134	1
128	135	1
128	136	0
128	138	0
128	139	0
128	143	0
128	149	0
128	150	0
129	130	1
129	131	1
129	132	1
129	133	1
129	134	1
129	135	1
129	137	0
129	138	0
129	146	0
130	131	1
130	132	1
130	133	1
130	134	1
130	135	1
131	132	1
131	133	1
131	134	1
131	135	1
131	136	0
131	139	0
131	145	0
131	146	0
131	150	0
132	133	1
132	134	1
132	135	1
132	141	0
132	143	0
132	146	0
132	149	0
132	150	0
133	134	1
133	135	1
133	138	0
133	141	0
133	142	0
133	147	0
133	148	0
134	135	1
134	136	0
134	139	0
134	143	0
134	144	0
135	137	0
135	140	0
135	143	0
135	146	0
135	147	0
135	148	0
135	150	0
136	137	1
136	138	1
136	139	1
136	140	1
136	141	1
136	142	1
136	143	1
136	144	1
136	145	1
136	146	1
136	147	1
136	148	1
136	149	1
136	150	1
137	138	1
137	139	1
137	140	1
137	141	1
137	142	1
137	143	1
137	144	1
137	145	1
137	146	1
137	147	1
137	148	1
137	149	1
137	150	1
138	139	1
138	140	1
138	141	1
138	142	1
138	143	1
138	144	1
138	145	1
138	146	1
138	147	1
138	148	1
138	149	1
138	150	1
139	140	1
139	141	1
139	142	1
139	143	1
139	144	1
139	145	1
139	146	1
139	147	1
139	148	1
139	149	1
139	150	1
140	141	1
140	142	1
140	143	1
140	144	1
140	145	1
140	146	1
140	147	1
140	148	1
140	149	1
140	150	1
141	142	1
141	143	1
141	144	1
141	145	1
141	146	1
141	147	1
141	148	1
141	149	1
141	150	1
142	143	1
142	144	1
142	145	1
142	146	1
142	147	1
142	148	1
142	149	1
142	150	1
143	144	1
143	145	1
143	146	1
143	147	1
143	148	1
143	149	1
143	150	1
144	145	1
144	146	1
144	147	1
144	148	1
144	149	1
144	150	1
145	146	1
145	147	1
145	148	1
145	149	1
145	150	1
146	147	1
146	148	1
146	149	1
146	150	1
147	148	1
147	149	1
147	150	1
148	149	1
148	150	1
149	150	1
