threshold,tp,fp,fn,precision,recall,f1
0.9977706670761108,1,0,174,1.0,0.005714285714285714,0.011363636363636362
0.9976592063903807,2,0,173,1.0,0.011428571428571429,0.02259887005649718
0.9972730278968812,3,0,172,1.0,0.017142857142857144,0.033707865168539325
0.9972353577613832,4,0,171,1.0,0.022857142857142857,0.04469273743016759
0.9972262978553772,5,0,170,1.0,0.02857142857142857,0.05555555555555556
0.9966339468955994,6,0,169,1.0,0.03428571428571429,0.06629834254143648
0.9965311884880066,7,0,168,1.0,0.04,0.07692307692307693
0.996386170387268,8,0,167,1.0,0.045714285714285714,0.08743169398907102
0.9962769150733948,9,0,166,1.0,0.05142857142857143,0.09782608695652174
0.9960248470306396,10,0,165,1.0,0.05714285714285714,0.1081081081081081
0.99601411819458,11,0,164,1.0,0.06285714285714286,0.11827956989247311
0.9956977367401124,12,0,163,1.0,0.06857142857142857,0.12834224598930483
0.9954877495765686,13,0,162,1.0,0.07428571428571429,0.13829787234042554
0.9951168298721312,14,0,161,1.0,0.08,0.14814814814814814
0.9950621724128724,15,0,160,1.0,0.08571428571428572,0.15789473684210528
0.9948328733444214,16,0,159,1.0,0.09142857142857143,0.16753926701570682
0.9947322607040404,17,0,158,1.0,0.09714285714285714,0.17708333333333331
0.9944618344306946,18,0,157,1.0,0.10285714285714286,0.18652849740932645
0.9943526983261108,19,0,156,1.0,0.10857142857142857,0.1958762886597938
0.994213044643402,20,0,155,1.0,0.11428571428571428,0.20512820512820512
0.9941251277923584,21,0,154,1.0,0.12,0.21428571428571425
0.99394953250885,22,0,153,1.0,0.12571428571428572,0.22335025380710663
0.9934033751487732,23,0,152,1.0,0.13142857142857142,0.23232323232323232
0.9932511448860168,24,0,151,1.0,0.13714285714285715,0.24120603015075376
0.99293452501297,25,0,150,1.0,0.14285714285714285,0.25
0.9926971793174744,26,0,149,1.0,0.14857142857142858,0.25870646766169153
0.9925119876861572,27,0,148,1.0,0.15428571428571428,0.2673267326732673
0.9925079941749572,28,0,147,1.0,0.16,0.2758620689655173
0.9922084808349608,29,0,146,1.0,0.1657142857142857,0.28431372549019607
0.992176592350006,30,0,145,1.0,0.17142857142857143,0.2926829268292683
0.992175042629242,31,0,144,1.0,0.17714285714285713,0.30097087378640774
0.9918851852416992,32,0,143,1.0,0.18285714285714286,0.30917874396135264
0.9917429089546204,33,0,142,1.0,0.18857142857142858,0.31730769230769235
0.9916352033615112,34,0,141,1.0,0.19428571428571428,0.3253588516746411
0.9916111826896667,35,0,140,1.0,0.2,0.33333333333333337
0.9913796186447144,36,0,139,1.0,0.2057142857142857,0.34123222748815163
0.991040050983429,38,0,137,1.0,0.21714285714285714,0.3568075117370892
0.990792155265808,39,0,136,1.0,0.22285714285714286,0.3644859813084112
0.990568995475769,41,0,134,1.0,0.2342857142857143,0.37962962962962965
0.98977392911911,42,0,133,1.0,0.24,0.3870967741935484
0.9895153045654296,43,0,132,1.0,0.24571428571428572,0.39449541284403666
0.98939847946167,44,0,131,1.0,0.25142857142857145,0.4018264840182649
0.9893630146980286,45,0,130,1.0,0.2571428571428571,0.40909090909090906
0.9892702102661132,46,0,129,1.0,0.26285714285714284,0.41628959276018096
0.9891156554222108,47,0,128,1.0,0.26857142857142857,0.4234234234234234
0.9888986945152284,48,0,127,1.0,0.2742857142857143,0.4304932735426009
0.9888386726379396,49,0,126,1.0,0.28,0.43750000000000006
0.9887683391571044,50,0,125,1.0,0.2857142857142857,0.4444444444444445
0.9881197214126588,51,0,124,1.0,0.2914285714285714,0.4513274336283186
0.9872722029685974,52,0,123,1.0,0.29714285714285715,0.4581497797356828
0.9872701168060304,53,0,122,1.0,0.3028571428571429,0.4649122807017544
0.9864100813865662,54,0,121,1.0,0.30857142857142855,0.47161572052401746
0.9860947132110596,55,0,120,1.0,0.3142857142857143,0.4782608695652174
0.9859910607337952,56,0,119,1.0,0.32,0.48484848484848486
0.9858440160751344,57,0,118,1.0,0.32571428571428573,0.4913793103448276
0.98574298620224,58,0,117,1.0,0.3314285714285714,0.49785407725321884
0.9854323267936708,59,0,116,1.0,0.33714285714285713,0.5042735042735043
0.9845709800720216,60,0,115,1.0,0.34285714285714286,0.5106382978723404
0.9845443367958068,61,0,114,1.0,0.3485714285714286,0.516949152542373
0.9842483401298524,62,0,113,1.0,0.35428571428571426,0.5232067510548523
0.9836636781692504,63,0,112,1.0,0.36,0.5294117647058824
0.983616054058075,64,0,111,1.0,0.3657142857142857,0.5355648535564854
0.9832985997200012,65,0,110,1.0,0.37142857142857144,0.5416666666666666
0.982521653175354,66,0,109,1.0,0.37714285714285717,0.5477178423236515
0.9823563694953918,67,0,108,1.0,0.38285714285714284,0.5537190082644629
0.982228457927704,68,0,107,1.0,0.38857142857142857,0.5596707818930041
0.981917917728424,69,0,106,1.0,0.3942857142857143,0.5655737704918032
0.9817942380905152,70,0,105,1.0,0.4,0.5714285714285715
0.9814695119857788,71,0,104,1.0,0.4057142857142857,0.5772357723577236
0.9810512065887452,72,0,103,1.0,0.4114285714285714,0.582995951417004
0.9809117317199708,73,0,102,1.0,0.41714285714285715,0.5887096774193548
0.9808151721954346,74,0,101,1.0,0.4228571428571429,0.5943775100401607
0.9805107712745668,75,0,100,1.0,0.42857142857142855,0.6
0.9796820878982544,76,0,99,1.0,0.4342857142857143,0.6055776892430279
0.979391872882843,77,0,98,1.0,0.44,0.6111111111111112
0.9773183465003968,78,0,97,1.0,0.44571428571428573,0.616600790513834
0.9767470955848694,79,0,96,1.0,0.4514285714285714,0.6220472440944881
0.9763908386230468,80,0,95,1.0,0.45714285714285713,0.6274509803921569
0.9762771725654602,81,0,94,1.0,0.46285714285714286,0.6328125
0.9761250615119934,82,0,93,1.0,0.4685714285714286,0.6381322957198443
0.976088523864746,83,0,92,1.0,0.4742857142857143,0.6434108527131783
0.9759507179260254,84,0,91,1.0,0.48,0.6486486486486487
0.9756411910057068,85,0,90,1.0,0.4857142857142857,0.6538461538461539
0.9756177067756652,86,0,89,1.0,0.49142857142857144,0.6590038314176245
0.9755816459655762,87,0,88,1.0,0.49714285714285716,0.6641221374045801
0.9741554260253906,88,0,87,1.0,0.5028571428571429,0.6692015209125476
0.9740663766860962,89,0,86,1.0,0.5085714285714286,0.6742424242424243
0.9738195538520812,90,0,85,1.0,0.5142857142857142,0.6792452830188679
0.97362220287323,91,0,84,1.0,0.52,0.6842105263157895
0.9733707904815674,92,0,83,1.0,0.5257142857142857,0.6891385767790261
0.9730979204177856,93,0,82,1.0,0.5314285714285715,0.6940298507462687
0.9726939797401428,94,0,81,1.0,0.5371428571428571,0.6988847583643123
0.9714547395706176,95,0,80,1.0,0.5428571428571428,0.7037037037037037
0.971063196659088,96,0,79,1.0,0.5485714285714286,0.7084870848708488
0.9706855416297911,97,0,78,1.0,0.5542857142857143,0.7132352941176471
0.9700389504432678,98,0,77,1.0,0.56,0.717948717948718
0.9697622060775756,99,0,76,1.0,0.5657142857142857,0.7226277372262774
0.9692534804344176,100,0,75,1.0,0.5714285714285714,0.7272727272727273
0.9668920040130616,101,0,74,1.0,0.5771428571428572,0.7318840579710145
0.9664466381072998,102,0,73,1.0,0.5828571428571429,0.7364620938628159
0.9660534262657166,103,0,72,1.0,0.5885714285714285,0.7410071942446043
0.9655751585960388,104,0,71,1.0,0.5942857142857143,0.7455197132616488
0.9654880166053772,105,0,70,1.0,0.6,0.7499999999999999
0.9653810262680054,106,0,69,1.0,0.6057142857142858,0.7544483985765125
0.9653066992759703,107,0,68,1.0,0.6114285714285714,0.7588652482269503
0.9648350477218628,108,0,67,1.0,0.6171428571428571,0.7632508833922261
0.9627529382705688,109,0,66,1.0,0.6228571428571429,0.767605633802817
0.9622634053230286,110,0,65,1.0,0.6285714285714286,0.7719298245614035
0.9611446261405944,111,0,64,1.0,0.6342857142857142,0.7762237762237761
0.9599025845527648,112,0,63,1.0,0.64,0.7804878048780487
0.9596419930458068,113,0,62,1.0,0.6457142857142857,0.7847222222222222
0.9575598239898682,114,0,61,1.0,0.6514285714285715,0.7889273356401384
0.9572346210479736,115,0,60,1.0,0.6571428571428571,0.7931034482758621
0.9548984169960022,116,0,59,1.0,0.6628571428571428,0.7972508591065292
0.9548678994178772,117,0,58,1.0,0.6685714285714286,0.8013698630136986
0.954621195793152,118,0,57,1.0,0.6742857142857143,0.8054607508532422
0.953609585762024,119,0,56,1.0,0.68,0.8095238095238095
0.9522691965103148,120,0,55,1.0,0.6857142857142857,0.8135593220338984
0.9506360292434692,121,0,54,1.0,0.6914285714285714,0.8175675675675675
0.9501966834068298,122,0,53,1.0,0.6971428571428572,0.8215488215488216
0.9501587748527528,123,0,52,1.0,0.7028571428571428,0.825503355704698
0.9499408006668092,124,0,51,1.0,0.7085714285714285,0.8294314381270902
0.949398934841156,125,0,50,1.0,0.7142857142857143,0.8333333333333333
0.9488857984542848,126,0,49,1.0,0.72,0.8372093023255813
0.9483643770217896,127,0,48,1.0,0.7257142857142858,0.8410596026490067
0.9482749700546264,128,0,47,1.0,0.7314285714285714,0.8448844884488449
0.9479814171791076,129,0,46,1.0,0.7371428571428571,0.8486842105263157
0.9456854462623596,130,0,45,1.0,0.7428571428571429,0.8524590163934427
0.9441241025924684,131,0,44,1.0,0.7485714285714286,0.8562091503267973
0.941200315952301,132,0,43,1.0,0.7542857142857143,0.8599348534201954
0.9411254525184632,133,0,42,1.0,0.76,0.8636363636363636
0.939524471759796,134,0,41,1.0,0.7657142857142857,0.8673139158576052
0.9390575885772704,135,0,40,1.0,0.7714285714285715,0.870967741935484
0.938547909259796,136,0,39,1.0,0.7771428571428571,0.8745980707395499
0.9360069036483764,137,0,38,1.0,0.7828571428571428,0.8782051282051281
0.933072566986084,138,0,37,1.0,0.7885714285714286,0.8817891373801916
0.932969331741333,139,0,36,1.0,0.7942857142857143,0.8853503184713376
0.9315291047096252,140,0,35,1.0,0.8,0.888888888888889
0.9279687404632568,141,0,34,1.0,0.8057142857142857,0.8924050632911393
0.9279186129570008,142,0,33,1.0,0.8114285714285714,0.8958990536277602
0.92496657371521,143,0,32,1.0,0.8171428571428572,0.89937106918239
0.9249663949012756,144,0,31,1.0,0.8228571428571428,0.90282131661442
0.9235846400260924,145,0,30,1.0,0.8285714285714286,0.90625
0.9225146174430848,146,0,29,1.0,0.8342857142857143,0.9096573208722741
0.9198378920555116,147,0,28,1.0,0.84,0.9130434782608696
0.9196986556053162,148,0,27,1.0,0.8457142857142858,0.9164086687306502
0.9145894646644592,149,0,26,1.0,0.8514285714285714,0.9197530864197531
0.9119500517845154,150,0,25,1.0,0.8571428571428571,0.923076923076923
0.9052453637123108,151,0,24,1.0,0.8628571428571429,0.9263803680981595
0.9038724303245544,152,0,23,1.0,0.8685714285714285,0.9296636085626911
0.9028059244155884,153,0,22,1.0,0.8742857142857143,0.9329268292682927
0.8997683525085449,154,0,21,1.0,0.88,0.9361702127659575
0.8908857703208923,155,0,20,1.0,0.8857142857142857,0.9393939393939393
0.890701413154602,156,0,19,1.0,0.8914285714285715,0.9425981873111783
0.8882588148117065,157,0,18,1.0,0.8971428571428571,0.9457831325301205
0.8857667446136475,158,0,17,1.0,0.9028571428571428,0.9489489489489489
0.8857427835464478,159,0,16,1.0,0.9085714285714286,0.9520958083832335
0.8856847286224365,160,0,15,1.0,0.9142857142857143,0.955223880597015
0.8851627707481384,161,0,14,1.0,0.92,0.9583333333333334
0.8829567432403564,162,0,13,1.0,0.9257142857142857,0.9614243323442137
0.8757652640342712,163,0,12,1.0,0.9314285714285714,0.9644970414201183
0.8744544386863708,164,0,11,1.0,0.9371428571428572,0.967551622418879
0.8668327927589417,165,0,10,1.0,0.9428571428571428,0.9705882352941176
0.8601843118667603,166,0,9,1.0,0.9485714285714286,0.9736070381231672
0.8433960676193237,167,0,8,1.0,0.9542857142857143,0.976608187134503
0.827934205532074,168,0,7,1.0,0.96,0.9795918367346939
0.8233060836791992,169,0,6,1.0,0.9657142857142857,0.9825581395348837
0.8219450116157532,169,1,6,0.9941176470588236,0.9657142857142857,0.9797101449275363
0.7939097881317139,170,1,5,0.9941520467836257,0.9714285714285714,0.9826589595375722
0.7880030870437622,171,1,4,0.9941860465116279,0.9771428571428571,0.9855907780979827
0.7782988548278809,172,1,3,0.9942196531791907,0.9828571428571429,0.9885057471264367
0.774152398109436,173,1,2,0.9942528735632183,0.9885714285714285,0.991404011461318
0.6401351690292358,174,1,1,0.9942857142857143,0.9942857142857143,0.9942857142857143
0.6211114525794983,175,1,0,0.9943181818181818,1.0,0.9971509971509972
0.2270164936780929,175,2,0,0.9887005649717514,1.0,0.9943181818181819
0.117815300822258,175,3,0,0.9831460674157303,1.0,0.9915014164305949
0.0832326710224151,175,4,0,0.9776536312849162,1.0,0.9887005649717514
0.079236552119255,175,5,0,0.9722222222222222,1.0,0.9859154929577464
0.0592473521828651,175,6,0,0.9668508287292817,1.0,0.9831460674157304
0.0518322028219699,175,7,0,0.9615384615384616,1.0,0.9803921568627451
0.043867640197277,175,8,0,0.9562841530054644,1.0,0.9776536312849162
0.0435221940279006,175,9,0,0.9510869565217391,1.0,0.9749303621169916
0.0434125252068042,175,10,0,0.9459459459459459,1.0,0.9722222222222222
0.0432412065565586,175,11,0,0.9408602150537635,1.0,0.9695290858725762
0.0401949770748615,175,12,0,0.9358288770053476,1.0,0.9668508287292817
0.0372879691421985,175,13,0,0.9308510638297872,1.0,0.9641873278236914
0.037065502256155,175,14,0,0.9259259259259259,1.0,0.9615384615384615
0.0364303067326545,175,15,0,0.9210526315789473,1.0,0.958904109589041
0.0363982692360878,175,16,0,0.9162303664921466,1.0,0.9562841530054645
0.0359985865652561,175,17,0,0.9114583333333334,1.0,0.9536784741144414
0.0328793302178382,175,18,0,0.9067357512953368,1.0,0.951086956521739
0.0324752703309059,175,19,0,0.9020618556701031,1.0,0.948509485094851
0.0317383185029029,175,20,0,0.8974358974358975,1.0,0.945945945945946
0.0315571390092372,175,21,0,0.8928571428571429,1.0,0.9433962264150945
0.0312391780316829,175,22,0,0.8883248730964467,1.0,0.9408602150537635
0.0309342704713344,175,23,0,0.8838383838383839,1.0,0.9383378016085792
0.0287163592875003,175,24,0,0.8793969849246231,1.0,0.9358288770053477
0.0276584774255752,175,25,0,0.875,1.0,0.9333333333333333
0.023878613486886,175,26,0,0.8706467661691543,1.0,0.9308510638297873
0.0235232487320899,175,27,0,0.8663366336633663,1.0,0.9283819628647215
0.0223836004734039,175,28,0,0.8620689655172413,1.0,0.9259259259259259
0.0216929651796817,175,29,0,0.8578431372549019,1.0,0.9234828496042216
0.0208429917693138,175,30,0,0.8536585365853658,1.0,0.9210526315789475
0.0196408312767744,175,31,0,0.8495145631067961,1.0,0.9186351706036746
0.0190387312322855,175,32,0,0.8454106280193237,1.0,0.9162303664921466
0.0185533631592988,175,33,0,0.8413461538461539,1.0,0.9138381201044387
0.0180052369832992,175,34,0,0.8373205741626795,1.0,0.9114583333333334
0.0179913584142923,175,35,0,0.8333333333333334,1.0,0.9090909090909091
0.0171573273837566,175,36,0,0.8293838862559242,1.0,0.9067357512953368
0.0170799698680639,175,37,0,0.8254716981132075,1.0,0.9043927648578811
0.0166474599391222,175,38,0,0.8215962441314554,1.0,0.902061855670103
0.0157849621027708,175,39,0,0.8177570093457944,1.0,0.8997429305912596
0.0156734082847833,175,40,0,0.813953488372093,1.0,0.8974358974358974
0.0148031646385788,175,41,0,0.8101851851851852,1.0,0.8951406649616369
0.0139909842982888,175,42,0,0.8064516129032258,1.0,0.8928571428571428
0.0139442645013332,175,43,0,0.8027522935779816,1.0,0.8905852417302799
0.0138619076460599,175,44,0,0.7990867579908676,1.0,0.8883248730964467
0.0136646404862403,175,45,0,0.7954545454545454,1.0,0.8860759493670886
0.0135374069213867,175,46,0,0.7918552036199095,1.0,0.8838383838383839
0.0133930249139666,175,47,0,0.7882882882882883,1.0,0.8816120906801007
0.0128370961174368,175,48,0,0.7847533632286996,1.0,0.8793969849246231
0.0127796623855829,175,49,0,0.78125,1.0,0.8771929824561403
0.0123718762770295,175,50,0,0.7777777777777778,1.0,0.8750000000000001
0.0123139265924692,175,51,0,0.7743362831858407,1.0,0.8728179551122195
0.011741136200726,175,52,0,0.7709251101321586,1.0,0.8706467661691543
0.0111611559987068,175,53,0,0.7675438596491229,1.0,0.8684863523573201
0.0111278351396322,175,54,0,0.7641921397379913,1.0,0.8663366336633663
0.0109548484906554,175,55,0,0.7608695652173914,1.0,0.8641975308641976
0.010911351069808,175,56,0,0.7575757575757576,1.0,0.8620689655172413
0.0108618577942252,175,57,0,0.7543103448275862,1.0,0.8599508599508598
0.0106391375884413,175,58,0,0.7510729613733905,1.0,0.857843137254902
0.0105968033894896,175,59,0,0.7478632478632479,1.0,0.8557457212713937
0.0104384301230311,175,60,0,0.7446808510638298,1.0,0.8536585365853657
0.0103516671806573,175,61,0,0.7415254237288136,1.0,0.8515815085158152
0.0101650981232523,175,62,0,0.7383966244725738,1.0,0.8495145631067961
0.0100427698343992,175,63,0,0.7352941176470589,1.0,0.8474576271186441
0.0100027611479163,175,64,0,0.7322175732217573,1.0,0.8454106280193237
0.0098464805632829,175,65,0,0.7291666666666666,1.0,0.8433734939759037
0.009818541817367,175,66,0,0.7261410788381742,1.0,0.8413461538461537
0.0096404971554875,175,67,0,0.7231404958677686,1.0,0.8393285371702639
0.0096356086432933,175,68,0,0.720164609053498,1.0,0.8373205741626795
0.0096250213682651,175,69,0,0.7172131147540983,1.0,0.8353221957040573
0.0090925265103578,175,70,0,0.7142857142857143,1.0,0.8333333333333333
0.0090260142460465,175,71,0,0.7113821138211383,1.0,0.831353919239905
0.0089830728247761,175,72,0,0.708502024291498,1.0,0.8293838862559243
0.0087020248174667,175,73,0,0.7056451612903226,1.0,0.8274231678486998
0.0084026968106627,175,74,0,0.7028112449799196,1.0,0.8254716981132075
0.0081668365746736,175,75,0,0.7,1.0,0.8235294117647058
0.0081286253407597,175,76,0,0.6972111553784861,1.0,0.8215962441314554
0.0078315092250704,175,77,0,0.6944444444444444,1.0,0.819672131147541
0.0075919679366052,175,78,0,0.691699604743083,1.0,0.8177570093457944
0.0075748031958937,175,79,0,0.6889763779527559,1.0,0.8158508158508158
0.0074479496106505,175,80,0,0.6862745098039216,1.0,0.813953488372093
0.0073348931036889,175,81,0,0.68359375,1.0,0.8120649651972158
0.0071634799242019,175,82,0,0.6809338521400778,1.0,0.8101851851851852
0.0071471421979367,175,83,0,0.6782945736434108,1.0,0.8083140877598153
0.0071257492527365,175,84,0,0.6756756756756757,1.0,0.8064516129032258
0.007088909856975,175,85,0,0.6730769230769231,1.0,0.8045977011494253
0.007066739257425,175,86,0,0.6704980842911877,1.0,0.8027522935779817
0.0069557186216115,175,87,0,0.6679389312977099,1.0,0.8009153318077802
0.0069465739652514,175,88,0,0.6653992395437263,1.0,0.7990867579908676
0.0067283785901963,175,89,0,0.6628787878787878,1.0,0.7972665148063781
0.0066555733792483,175,90,0,0.660377358490566,1.0,0.7954545454545454
0.0065707643516361,175,91,0,0.6578947368421053,1.0,0.7936507936507937
0.00631983904168,175,92,0,0.6554307116104869,1.0,0.7918552036199096
0.0062597761861979,175,93,0,0.6529850746268657,1.0,0.7900677200902935
0.0061843767762184,175,94,0,0.6505576208178439,1.0,0.7882882882882882
0.0061279279179871,175,95,0,0.6481481481481481,1.0,0.7865168539325843
0.0061135408468544,175,96,0,0.6457564575645757,1.0,0.7847533632286996
0.0060278088785707,175,97,0,0.6433823529411765,1.0,0.7829977628635346
0.0060141733847558,175,98,0,0.6410256410256411,1.0,0.7812500000000001
0.0058966199867427,175,99,0,0.6386861313868614,1.0,0.7795100222717151
0.005853752605617,175,100,0,0.6363636363636364,1.0,0.7777777777777778
0.0057613113895058,175,101,0,0.6340579710144928,1.0,0.7760532150776054
0.0055665611289441,175,102,0,0.631768953068592,1.0,0.7743362831858407
0.0053834491409361,175,103,0,0.6294964028776978,1.0,0.7726269315673289
0.0052213515155017,175,104,0,0.6272401433691757,1.0,0.7709251101321586
0.0051707495003938,175,105,0,0.625,1.0,0.7692307692307693
0.0051612607203423,175,106,0,0.6227758007117438,1.0,0.7675438596491228
0.0051534245721995,175,107,0,0.6205673758865248,1.0,0.7658643326039386
0.0051487036980688,175,108,0,0.6183745583038869,1.0,0.7641921397379913
0.0050713294185698,175,109,0,0.6161971830985915,1.0,0.7625272331154683
0.0049763401038944,175,110,0,0.6140350877192983,1.0,0.7608695652173912
0.0049108620733022,175,111,0,0.6118881118881119,1.0,0.7592190889370932
0.0048459200188517,175,112,0,0.6097560975609756,1.0,0.7575757575757575
0.0047316015698015,175,113,0,0.6076388888888888,1.0,0.755939524838013
0.0046798409894108,175,114,0,0.6055363321799307,1.0,0.7543103448275862
0.0045976657420396,175,115,0,0.603448275862069,1.0,0.7526881720430108
0.0045547257177531,175,116,0,0.6013745704467354,1.0,0.7510729613733905
0.0045464634895324,175,117,0,0.5993150684931506,1.0,0.7494646680942184
0.0043025570921599,175,118,0,0.5972696245733788,1.0,0.7478632478632479
0.004229879938066,175,119,0,0.5952380952380952,1.0,0.7462686567164178
0.0040479502640664,175,120,0,0.5932203389830508,1.0,0.7446808510638298
0.0040298108942806,175,121,0,0.5912162162162162,1.0,0.743099787685775
0.0040098782628774,175,122,0,0.5892255892255892,1.0,0.7415254237288136
0.0039562508463859,175,123,0,0.587248322147651,1.0,0.7399577167019027
0.0039431136101484,175,124,0,0.5852842809364549,1.0,0.7383966244725739
0.0039353678002953,175,125,0,0.5833333333333334,1.0,0.7368421052631579
0.0037451800890266,175,126,0,0.5813953488372093,1.0,0.7352941176470588
0.0037188474088907,175,127,0,0.5794701986754967,1.0,0.7337526205450734
0.0036550143267959,175,128,0,0.5775577557755776,1.0,0.7322175732217573
0.0036024043802171,175,129,0,0.5756578947368421,1.0,0.7306889352818372
0.0035888776183128,175,130,0,0.5737704918032787,1.0,0.7291666666666666
0.0035864603705704,175,131,0,0.5718954248366013,1.0,0.7276507276507276
0.0035578131210058,175,132,0,0.5700325732899023,1.0,0.7261410788381742
0.0035161266569048,175,133,0,0.5681818181818182,1.0,0.7246376811594203
0.0034826300106942,175,134,0,0.5663430420711975,1.0,0.7231404958677686
0.0033292719163,175,135,0,0.5645161290322581,1.0,0.7216494845360826
0.003300973912701,175,136,0,0.5627009646302251,1.0,0.720164609053498
0.0032345023937523,175,137,0,0.5608974358974359,1.0,0.7186858316221766
0.0032245756592601,175,138,0,0.5591054313099042,1.0,0.7172131147540984
0.0031279830727726,175,139,0,0.5573248407643312,1.0,0.7157464212678937
0.0029686605557799,175,140,0,0.5555555555555556,1.0,0.7142857142857143
0.0029346588999032,175,141,0,0.5537974683544303,1.0,0.7128309572301426
0.0028868822846561,175,142,0,0.5520504731861199,1.0,0.7113821138211381
0.0028196268249303,175,143,0,0.550314465408805,1.0,0.7099391480730223
0.0027537266723811,175,144,0,0.54858934169279,1.0,0.708502024291498
0.0027397677768021,175,145,0,0.546875,1.0,0.7070707070707071
0.0026466399431228,175,146,0,0.5451713395638629,1.0,0.7056451612903225
0.0026330072432756,175,147,0,0.5434782608695652,1.0,0.704225352112676
0.0025582937523722,175,148,0,0.541795665634675,1.0,0.7028112449799198
0.0025520047638565,175,149,0,0.5401234567901234,1.0,0.7014028056112224
0.0025142866652458,175,150,0,0.5384615384615384,1.0,0.7000000000000001
0.0025115399621427,175,151,0,0.5368098159509203,1.0,0.6986027944111777
0.0024925738107413,175,152,0,0.5351681957186545,1.0,0.6972111553784861
0.0024703140370547,175,153,0,0.5335365853658537,1.0,0.6958250497017893
0.0024431692436337,175,154,0,0.5319148936170213,1.0,0.6944444444444444
0.0024415662046521,175,155,0,0.5303030303030303,1.0,0.693069306930693
0.0023518640082329,175,156,0,0.5287009063444109,1.0,0.6916996047430831
0.0022318349219858,175,157,0,0.5271084337349398,1.0,0.6903353057199212
0.0022017194423824,175,158,0,0.5255255255255256,1.0,0.6889763779527559
0.0021922730375081,175,159,0,0.5239520958083832,1.0,0.6876227897838899
0.0020787804387509,175,160,0,0.5223880597014925,1.0,0.6862745098039216
0.0020687789656221,175,161,0,0.5208333333333334,1.0,0.684931506849315
0.0020004056859761,175,162,0,0.5192878338278932,1.0,0.68359375
0.0020003754179924,175,163,0,0.5177514792899408,1.0,0.6822612085769981
0.0019524381496012,175,164,0,0.5162241887905604,1.0,0.6809338521400778
0.0019135262118652,175,165,0,0.5147058823529411,1.0,0.6796116504854368
0.0019103713566437,175,166,0,0.5131964809384164,1.0,0.6782945736434108
0.0018769322196021,175,167,0,0.5116959064327485,1.0,0.6769825918762089
0.0017450166633352,175,168,0,0.5102040816326531,1.0,0.6756756756756758
0.0017340123886242,175,169,0,0.5087209302325582,1.0,0.674373795761079
0.0016786259366199,175,170,0,0.5072463768115942,1.0,0.6730769230769231
0.0016415461432188,175,171,0,0.5057803468208093,1.0,0.6717850287907869
0.0016311480430886,175,172,0,0.5043227665706052,1.0,0.6704980842911877
0.0016070413403213,175,173,0,0.5028735632183908,1.0,0.6692160611854685
0.0015842024004086,175,174,0,0.501432664756447,1.0,0.6679389312977099
0.0015748867299407,175,175,0,0.5,1.0,0.6666666666666666
0.0014812145382165,175,176,0,0.4985754985754986,1.0,0.6653992395437263
0.0014098737156018,175,177,0,0.4971590909090909,1.0,0.6641366223908919
0.0012530682142823,175,178,0,0.49575070821529743,1.0,0.6628787878787878
0.001240512356162,175,179,0,0.4943502824858757,1.0,0.6616257088846881
0.0012339942622929,175,180,0,0.49295774647887325,1.0,0.660377358490566
0.001223080093041,175,181,0,0.49157303370786515,1.0,0.6591337099811676
0.0012128003872931,175,182,0,0.49019607843137253,1.0,0.6578947368421052
0.0011623068712651,175,183,0,0.4888268156424581,1.0,0.6566604127579738
0.0011229930678382,175,184,0,0.48746518105849584,1.0,0.6554307116104869
0.0010852380655705,175,185,0,0.4861111111111111,1.0,0.6542056074766355
0.0010769376531243,175,186,0,0.48476454293628807,1.0,0.6529850746268656
0.0010115115437656,175,187,0,0.48342541436464087,1.0,0.6517690875232774
0.0009814290096983,175,188,0,0.4820936639118457,1.0,0.6505576208178439
0.0009749133605509,175,189,0,0.4807692307692308,1.0,0.6493506493506493
0.0009602495119906,175,190,0,0.4794520547945205,1.0,0.6481481481481481
0.000950779824052,175,191,0,0.4781420765027322,1.0,0.6469500924214417
0.0008786307880654,175,192,0,0.4768392370572207,1.0,0.6457564575645756
0.0008723322534933,175,193,0,0.47554347826086957,1.0,0.6445672191528545
0.0008564734016545,175,194,0,0.4742547425474255,1.0,0.6433823529411765
0.0008408896392211,175,195,0,0.47297297297297297,1.0,0.6422018348623852
0.0007881599594838,175,196,0,0.4716981132075472,1.0,0.641025641025641
0.0007578362128697,175,197,0,0.47043010752688175,1.0,0.6398537477148081
0.0007506569381803,175,198,0,0.4691689008042895,1.0,0.6386861313868613
0.0006810009945183,175,199,0,0.4679144385026738,1.0,0.6375227686703097
0.0006623788503929,175,200,0,0.4666666666666667,1.0,0.6363636363636364
0.0006549914833158,175,201,0,0.4654255319148936,1.0,0.6352087114337568
0.0006388662150129,175,202,0,0.46419098143236076,1.0,0.6340579710144928
0.0006369720213115,175,203,0,0.46296296296296297,1.0,0.6329113924050632
0.0006285302806645,175,205,0,0.4605263157894737,1.0,0.6306306306306306
0.0006241505034267,175,206,0,0.45931758530183725,1.0,0.6294964028776978
0.0005943719879724,175,207,0,0.4581151832460733,1.0,0.6283662477558348
0.0005861547542735,175,208,0,0.45691906005221933,1.0,0.6272401433691757
0.0005746226524934,175,209,0,0.4557291666666667,1.0,0.6261180679785331
0.0005735559388995,175,210,0,0.45454545454545453,1.0,0.625
0.0005701296031475,175,211,0,0.4533678756476684,1.0,0.6238859180035651
0.0005641031893901,175,212,0,0.45219638242894056,1.0,0.6227758007117438
0.0005458130035549,175,213,0,0.45103092783505155,1.0,0.6216696269982238
0.0004894121084362,175,214,0,0.4498714652956298,1.0,0.6205673758865248
0.0004277219413779,175,215,0,0.44871794871794873,1.0,0.6194690265486726
0.0004164198762737,175,216,0,0.4475703324808184,1.0,0.6183745583038869
0.0004084482498001,175,217,0,0.44642857142857145,1.0,0.617283950617284
0.0003999721084255,175,218,0,0.44529262086513993,1.0,0.6161971830985915
0.000395353330532,175,219,0,0.44416243654822335,1.0,0.6151142355008787
0.0003949769889004,175,220,0,0.4430379746835443,1.0,0.6140350877192983
0.0003850148350466,175,221,0,0.44191919191919193,1.0,0.6129597197898423
0.0003845207975246,175,222,0,0.44080604534005036,1.0,0.6118881118881119
0.0003783945285249,175,223,0,0.4396984924623116,1.0,0.6108202443280978
0.0003746043075807,175,224,0,0.43859649122807015,1.0,0.6097560975609756
0.0003680618829093,175,225,0,0.4375,1.0,0.6086956521739131
0.0003653327003121,175,226,0,0.43640897755610975,1.0,0.607638888888889
0.0003559537290129,175,227,0,0.43532338308457713,1.0,0.6065857885615251
0.0003510644019115,175,228,0,0.43424317617866004,1.0,0.6055363321799307
0.0003444242465775,175,229,0,0.43316831683168316,1.0,0.6044905008635579
0.0003255726478528,175,230,0,0.43209876543209874,1.0,0.603448275862069
0.0003140610933769,175,231,0,0.43103448275862066,1.0,0.6024096385542169
0.0003124242357444,175,232,0,0.42997542997543,1.0,0.6013745704467354
0.0002986008767038,175,233,0,0.42892156862745096,1.0,0.6003430531732418
0.0002869788149837,175,234,0,0.4278728606356968,1.0,0.5993150684931506
0.0002866913855541,175,235,0,0.4268292682926829,1.0,0.5982905982905983
0.0002805330732371,175,236,0,0.4257907542579075,1.0,0.5972696245733788
0.0002656888973433,175,237,0,0.42475728155339804,1.0,0.596252129471891
0.0002528196491766,175,238,0,0.423728813559322,1.0,0.5952380952380952
0.0002175533300032,175,239,0,0.4227053140096618,1.0,0.5942275042444821
0.0002171794476453,175,240,0,0.42168674698795183,1.0,0.5932203389830509
0.0002069155016215,175,241,0,0.4206730769230769,1.0,0.5922165820642978
0.0001900194038171,175,242,0,0.4196642685851319,1.0,0.5912162162162162
0.0001809818350011,175,243,0,0.41866028708133973,1.0,0.5902192242833053
0.0001700132124824,175,244,0,0.41766109785202865,1.0,0.5892255892255893
0.0001684965100139,175,245,0,0.4166666666666667,1.0,0.5882352941176471
0.000163507880643,175,246,0,0.4156769596199525,1.0,0.587248322147651
0.0001620958792045,175,247,0,0.4146919431279621,1.0,0.5862646566164155
0.0001594068016856,175,248,0,0.41371158392434987,1.0,0.5852842809364548
0.0001552499306853,175,249,0,0.41273584905660377,1.0,0.5843071786310517
0.0001539915829198,175,250,0,0.4117647058823529,1.0,0.5833333333333334
0.000139176932862,175,251,0,0.4107981220657277,1.0,0.5823627287853577
0.0001343310868833,175,252,0,0.4098360655737705,1.0,0.5813953488372093
0.0001323404721915,175,253,0,0.4088785046728972,1.0,0.5804311774461028
0.0001302878663409,175,254,0,0.40792540792540793,1.0,0.5794701986754967
0.0001279460702789,175,255,0,0.4069767441860465,1.0,0.5785123966942148
0.0001158531449618,175,256,0,0.4060324825986079,1.0,0.5775577557755776
0.0001134703343268,175,257,0,0.4050925925925926,1.0,0.5766062602965404
0.0001127329669543,175,258,0,0.40415704387990764,1.0,0.5756578947368421
0.0001103375980164,175,259,0,0.4032258064516129,1.0,0.5747126436781609
0.00010113119788,175,260,0,0.40229885057471265,1.0,0.5737704918032787
9.9396966106724e-05,175,261,0,0.4013761467889908,1.0,0.5728314238952537
9.617530304240064e-05,175,262,0,0.40045766590389015,1.0,0.5718954248366013
9.462796151638032e-05,175,263,0,0.3995433789954338,1.0,0.5709624796084829
9.442929876968265e-05,175,264,0,0.39863325740318906,1.0,0.5700325732899023
9.284442057833076e-05,175,265,0,0.3977272727272727,1.0,0.5691056910569106
9.047240018844604e-05,175,266,0,0.3968253968253968,1.0,0.5681818181818182
8.976137905847281e-05,175,267,0,0.39592760180995473,1.0,0.5672609400324149
8.747463289182633e-05,175,268,0,0.39503386004514673,1.0,0.5663430420711973
8.616671402705833e-05,175,269,0,0.39414414414414417,1.0,0.5654281098546042
8.602050365880132e-05,175,270,0,0.39325842696629215,1.0,0.564516129032258
7.92505670688115e-05,175,271,0,0.3923766816143498,1.0,0.5636070853462157
7.90010453783907e-05,175,272,0,0.39149888143176736,1.0,0.562700964630225
7.590512541355565e-05,175,273,0,0.390625,1.0,0.5617977528089888
7.201344851637259e-05,175,274,0,0.3897550111358575,1.0,0.5608974358974359
7.13291738065891e-05,175,275,0,0.3888888888888889,1.0,0.56
7.078053749864921e-05,175,276,0,0.38802660753880264,1.0,0.5591054313099042
6.907900387886912e-05,175,277,0,0.38716814159292035,1.0,0.5582137161084529
6.833385850768536e-05,175,278,0,0.38631346578366443,1.0,0.5573248407643312
6.754598143743351e-05,175,279,0,0.3854625550660793,1.0,0.5564387917329093
6.410583591787145e-05,175,280,0,0.38461538461538464,1.0,0.5555555555555556
5.876960858586244e-05,175,281,0,0.38377192982456143,1.0,0.554675118858954
5.157154373591766e-05,175,282,0,0.38293216630196936,1.0,0.5537974683544303
5.116959437145852e-05,175,283,0,0.38209606986899564,1.0,0.5529225908372828
5.105622039991431e-05,175,284,0,0.3812636165577342,1.0,0.5520504731861199
4.94289597554598e-05,175,285,0,0.3804347826086957,1.0,0.5511811023622047
4.576124410959892e-05,175,286,0,0.3796095444685466,1.0,0.550314465408805
4.5520551793742925e-05,175,287,0,0.3787878787878788,1.0,0.5494505494505494
4.330685260356404e-05,175,288,0,0.3779697624190065,1.0,0.5485893416927901
4.293744859751314e-05,175,289,0,0.3771551724137931,1.0,0.5477308294209703
4.229215846862644e-05,175,290,0,0.3763440860215054,1.0,0.546875
3.998434112872928e-05,175,291,0,0.37553648068669526,1.0,0.5460218408736349
3.865004327963106e-05,175,292,0,0.3747323340471092,1.0,0.545171339563863
3.762933920370415e-05,175,293,0,0.37393162393162394,1.0,0.5443234836702955
3.749766256078146e-05,175,294,0,0.373134328358209,1.0,0.5434782608695653
3.416387698962353e-05,175,295,0,0.3723404255319149,1.0,0.5426356589147286
3.4092732676072046e-05,175,296,0,0.37154989384288745,1.0,0.541795665634675
3.3210362744284794e-05,175,297,0,0.3707627118644068,1.0,0.5409582689335394
3.0694787710672244e-05,175,298,0,0.3699788583509514,1.0,0.5401234567901235
3.036312773474492e-05,175,299,0,0.3691983122362869,1.0,0.5392912172573189
3.0204719223547727e-05,175,300,0,0.3684210526315789,1.0,0.5384615384615384
2.5847237338894047e-05,175,301,0,0.36764705882352944,1.0,0.5376344086021506
2.5579705834388733e-05,175,302,0,0.3668763102725367,1.0,0.5368098159509203
2.4740973458392546e-05,175,303,0,0.36610878661087864,1.0,0.5359877488514547
2.457418304402381e-05,175,304,0,0.3653444676409186,1.0,0.5351681957186545
2.4259050405817103e-05,175,305,0,0.3645833333333333,1.0,0.5343511450381679
2.4146344003384e-05,175,306,0,0.36382536382536385,1.0,0.5335365853658537
2.347543522773776e-05,175,307,0,0.3630705394190871,1.0,0.532724505327245
2.3405063984682783e-05,175,308,0,0.36231884057971014,1.0,0.5319148936170213
2.1782378098578192e-05,175,309,0,0.3615702479338843,1.0,0.5311077389984826
2.1491545339813456e-05,175,310,0,0.36082474226804123,1.0,0.5303030303030303
2.145298640243709e-05,175,311,0,0.360082304526749,1.0,0.5295007564296521
2.0925963326590136e-05,175,312,0,0.3593429158110883,1.0,0.5287009063444108
2.048515307251364e-05,175,313,0,0.35860655737704916,1.0,0.5279034690799397
2.03545241674874e-05,175,314,0,0.35787321063394684,1.0,0.5271084337349398
2.013873927353416e-05,175,315,0,0.35714285714285715,1.0,0.5263157894736842
1.991072713281028e-05,175,316,0,0.3564154786150713,1.0,0.5255255255255256
1.9823628463200293e-05,175,317,0,0.3556910569105691,1.0,0.5247376311844079
1.97566878341604e-05,175,318,0,0.35496957403651114,1.0,0.5239520958083832
1.908241938508581e-05,175,319,0,0.354251012145749,1.0,0.523168908819133
1.807419721444603e-05,175,320,0,0.35353535353535354,1.0,0.5223880597014925
1.7925287465914153e-05,175,321,0,0.3528225806451613,1.0,0.5216095380029807
1.7392490917700343e-05,175,322,0,0.352112676056338,1.0,0.5208333333333333
1.7084339560824446e-05,175,323,0,0.3514056224899598,1.0,0.5200594353640416
1.6989990399451926e-05,175,324,0,0.35070140280561124,1.0,0.5192878338278932
1.625974073249381e-05,175,325,0,0.35,1.0,0.5185185185185185
1.5957926734699868e-05,175,326,0,0.34930139720558884,1.0,0.5177514792899408
1.594510285940487e-05,175,327,0,0.34860557768924305,1.0,0.51698670605613
1.5800738765392452e-05,175,328,0,0.34791252485089463,1.0,0.5162241887905604
1.475417047913652e-05,175,329,0,0.3472222222222222,1.0,0.5154639175257731
1.4534104593622033e-05,175,330,0,0.3465346534653465,1.0,0.5147058823529412
1.4211543202691246e-05,175,331,0,0.3458498023715415,1.0,0.5139500734214391
1.4038530025572982e-05,175,332,0,0.34516765285996054,1.0,0.5131964809384164
1.3796405255561696e-05,175,333,0,0.34448818897637795,1.0,0.5124450951683748
1.3500575732905418e-05,175,334,0,0.343811394891945,1.0,0.5116959064327485
1.3495401617547031e-05,175,335,0,0.3431372549019608,1.0,0.510948905109489
1.3158379260858055e-05,175,336,0,0.3424657534246575,1.0,0.5102040816326531
1.3059418961347546e-05,175,337,0,0.341796875,1.0,0.5094614264919942
1.2913699720229488e-05,175,338,0,0.341130604288499,1.0,0.5087209302325582
1.2541640899144111e-05,175,339,0,0.3404669260700389,1.0,0.5079825834542815
1.234339924849337e-05,175,340,0,0.33980582524271846,1.0,0.5072463768115942
1.2311152204347309e-05,175,341,0,0.3391472868217054,1.0,0.5065123010130246
1.2301809874770696e-05,175,342,0,0.33849129593810445,1.0,0.5057803468208092
1.2243396668054627e-05,175,343,0,0.33783783783783783,1.0,0.5050505050505051
1.217365570482798e-05,175,344,0,0.3371868978805395,1.0,0.5043227665706053
1.2162689927208705e-05,175,345,0,0.33653846153846156,1.0,0.5035971223021583
1.2138205420342274e-05,175,346,0,0.33589251439539347,1.0,0.5028735632183908
1.1746348718588706e-05,175,347,0,0.33524904214559387,1.0,0.5021520803443329
1.1483619346108752e-05,175,348,0,0.33460803059273425,1.0,0.501432664756447
1.1438041838118806e-05,175,349,0,0.33396946564885494,1.0,0.5007153075822603
1.1159899258927908e-05,175,350,0,0.3333333333333333,1.0,0.5
1.0436509001010563e-05,175,351,0,0.33269961977186313,1.0,0.49928673323823114
9.547503395879176e-06,175,352,0,0.33206831119544594,1.0,0.4985754985754986
9.44346629694337e-06,175,353,0,0.3314393939393939,1.0,0.4978662873399715
9.409117410541512e-06,175,354,0,0.33081285444234404,1.0,0.4971590909090909
9.107680853048803e-06,175,355,0,0.330188679245283,1.0,0.4964539007092198
8.893302037904505e-06,175,356,0,0.3295668549905838,1.0,0.49575070821529743
8.814320608507842e-06,175,357,0,0.32894736842105265,1.0,0.4950495049504951
8.648843504488468e-06,175,358,0,0.32833020637898686,1.0,0.4943502824858757
8.583379894844256e-06,175,359,0,0.32771535580524347,1.0,0.4936530324400564
8.5305646280176e-06,175,360,0,0.32710280373831774,1.0,0.49295774647887325
8.50928518048022e-06,175,361,0,0.32649253731343286,1.0,0.49226441631504925
8.243544471042696e-06,175,362,0,0.3258845437616387,1.0,0.4915730337078652
7.927129445306491e-06,175,363,0,0.3252788104089219,1.0,0.4908835904628331
7.89877049101051e-06,175,364,0,0.3246753246753247,1.0,0.49019607843137253
7.882885256549343e-06,175,365,0,0.32407407407407407,1.0,0.48951048951048953
7.561231086583575e-06,175,366,0,0.3234750462107209,1.0,0.4888268156424581
7.46135447116103e-06,175,367,0,0.32287822878228783,1.0,0.48814504881450493
7.319873020605883e-06,175,368,0,0.32228360957642727,1.0,0.48746518105849584
7.280420504685026e-06,175,369,0,0.32169117647058826,1.0,0.4867872044506259
7.203126187960152e-06,175,370,0,0.3211009174311927,1.0,0.4861111111111111
7.140075013012392e-06,175,371,0,0.32051282051282054,1.0,0.48543689320388356
6.713319180562394e-06,175,372,0,0.31992687385740404,1.0,0.4847645429362881
6.572839538421249e-06,175,373,0,0.3193430656934307,1.0,0.4840940525587829
6.3649736148363445e-06,175,374,0,0.31876138433515483,1.0,0.48342541436464087
6.184915037010796e-06,175,375,0,0.3181818181818182,1.0,0.4827586206896552
5.629644874716178e-06,175,376,0,0.3176043557168784,1.0,0.4820936639118457
5.619549483526498e-06,175,377,0,0.3170289855072464,1.0,0.48143053645116923
5.289516593620647e-06,175,378,0,0.31645569620253167,1.0,0.48076923076923084
5.229338512435788e-06,175,379,0,0.315884476534296,1.0,0.4801097393689986
4.954657470079837e-06,175,380,0,0.3153153153153153,1.0,0.4794520547945206
4.940563485433813e-06,175,381,0,0.3147482014388489,1.0,0.4787961696306429
4.869407348451205e-06,175,382,0,0.3141831238779174,1.0,0.47814207650273227
4.772839020006359e-06,175,383,0,0.31362007168458783,1.0,0.47748976807639837
4.713177986559458e-06,175,384,0,0.31305903398926654,1.0,0.4768392370572207
4.218466074235039e-06,175,385,0,0.3125,1.0,0.47619047619047616
4.200064722681418e-06,175,386,0,0.31194295900178254,1.0,0.47554347826086957
4.168600298726233e-06,175,387,0,0.3113879003558719,1.0,0.47489823609226595
4.11578139392077e-06,175,388,0,0.3108348134991119,1.0,0.4742547425474255
3.92143510907772e-06,175,389,0,0.3102836879432624,1.0,0.47361299052774014
3.790389655478066e-06,175,390,0,0.30973451327433627,1.0,0.4729729729729729
3.779466624109773e-06,175,391,0,0.30918727915194344,1.0,0.4723346828609986
3.705613153215381e-06,175,392,0,0.30864197530864196,1.0,0.4716981132075471
3.6683281905425247e-06,175,393,0,0.30809859154929575,1.0,0.4710632570659488
3.5825039503833978e-06,175,394,0,0.30755711775043937,1.0,0.47043010752688175
3.5122245662932983e-06,175,395,0,0.30701754385964913,1.0,0.4697986577181208
3.49565334545332e-06,175,396,0,0.3064798598949212,1.0,0.4691689008042896
3.4032332223432604e-06,175,397,0,0.30594405594405594,1.0,0.46854082998661317
3.3535686725372216e-06,175,398,0,0.3054101221640489,1.0,0.46791443850267384
3.345234972584876e-06,175,399,0,0.3048780487804878,1.0,0.4672897196261682
3.273710262874374e-06,175,400,0,0.30434782608695654,1.0,0.4666666666666667
3.1790980301593663e-06,175,401,0,0.3038194444444444,1.0,0.46604527296937415
3.122655925835716e-06,175,402,0,0.30329289428076256,1.0,0.46542553191489355
3.118652784905862e-06,175,403,0,0.3027681660899654,1.0,0.46480743691899074
3.064920065298793e-06,175,404,0,0.3022452504317789,1.0,0.4641909814323607
2.728894742176635e-06,175,405,0,0.3017241379310345,1.0,0.46357615894039733
2.713924686759128e-06,175,406,0,0.30120481927710846,1.0,0.462962962962963
2.516684389775037e-06,175,407,0,0.3006872852233677,1.0,0.4623513870541611
2.3659363250772003e-06,175,408,0,0.30017152658662094,1.0,0.46174142480211083
2.245972837044974e-06,175,409,0,0.2996575342465753,1.0,0.461133069828722
2.2305059701466234e-06,175,410,0,0.29914529914529914,1.0,0.4605263157894737
2.1929156446276465e-06,175,411,0,0.2986348122866894,1.0,0.4599211563731932
2.118722022714792e-06,175,412,0,0.2981260647359455,1.0,0.4593175853018373
2.040512754319934e-06,175,413,0,0.2976190476190476,1.0,0.4587155963302752
1.9049099364565336e-06,175,414,0,0.29711375212224106,1.0,0.45811518324607325
1.8534911987444504e-06,175,415,0,0.2966101694915254,1.0,0.457516339869281
1.8495923086447876e-06,175,416,0,0.2961082910321489,1.0,0.4569190600522194
1.8189073216490213e-06,175,417,0,0.2956081081081081,1.0,0.4563233376792699
1.8077670347338424e-06,175,418,0,0.2951096121416526,1.0,0.4557291666666667
1.7923599671121335e-06,175,419,0,0.2946127946127946,1.0,0.45513654096228867
1.7787731394491857e-06,175,420,0,0.29411764705882354,1.0,0.45454545454545453
1.750955334500759e-06,175,421,0,0.2936241610738255,1.0,0.45395590142671854
1.73925070612313e-06,175,422,0,0.2931323283082077,1.0,0.45336787564766834
1.7145001720564323e-06,175,423,0,0.29264214046822745,1.0,0.45278137128072443
1.6923098655752256e-06,175,424,0,0.2921535893155259,1.0,0.4521963824289406
1.613138806533243e-06,175,425,0,0.2916666666666667,1.0,0.45161290322580644
1.53171936290164e-06,175,426,0,0.2911813643926789,1.0,0.4510309278350516
1.5180539776338264e-06,175,427,0,0.29069767441860467,1.0,0.45045045045045046
1.4696457810714492e-06,175,428,0,0.2902155887230514,1.0,0.44987146529562977
1.4489392015093472e-06,175,429,0,0.2897350993377483,1.0,0.4492939666238767
1.431602640877827e-06,175,430,0,0.2892561983471074,1.0,0.44871794871794873
1.4169196447255672e-06,175,431,0,0.2887788778877888,1.0,0.4481434058898847
1.3832892591381096e-06,175,432,0,0.2883031301482702,1.0,0.44757033248081846
1.2742025319312231e-06,175,433,0,0.2878289473684211,1.0,0.4469987228607919
1.211770950249047e-06,175,434,0,0.28735632183908044,1.0,0.4464285714285714
1.208159233101469e-06,175,435,0,0.28688524590163933,1.0,0.4458598726114649
1.1966442343691597e-06,175,436,0,0.2864157119476268,1.0,0.4452926208651399
1.1434248108344036e-06,175,437,0,0.28594771241830064,1.0,0.4447268106734435
1.1268696198385442e-06,175,438,0,0.28548123980424145,1.0,0.44416243654822335
1.1099494940935983e-06,175,439,0,0.28501628664495116,1.0,0.44359949302915086
1.1045966630263138e-06,175,440,0,0.2845528455284553,1.0,0.4430379746835443
1.0588576060399646e-06,175,441,0,0.2840909090909091,1.0,0.4424778761061947
1.035909690472181e-06,175,442,0,0.28363047001620745,1.0,0.44191919191919193
1.0227158782072363e-06,175,443,0,0.28317152103559873,1.0,0.44136191677175285
1.0218587931376533e-06,175,444,0,0.2827140549273021,1.0,0.44080604534005036
9.36363790060568e-07,175,445,0,0.28225806451612906,1.0,0.4402515723270441
8.462505434181367e-07,175,446,0,0.28180354267310787,1.0,0.4396984924623115
8.296079840874881e-07,175,447,0,0.28135048231511256,1.0,0.4391468005018821
8.229218906308233e-07,175,448,0,0.2808988764044944,1.0,0.4385964912280702
7.635786687387736e-07,175,449,0,0.28044871794871795,1.0,0.4380475594493116
7.427628361256211e-07,175,450,0,0.28,1.0,0.43750000000000006
7.412088507408043e-07,175,451,0,0.2795527156549521,1.0,0.43695380774032466
7.346550319198286e-07,175,452,0,0.27910685805422647,1.0,0.43640897755610975
7.124112926248927e-07,175,453,0,0.2786624203821656,1.0,0.435865504358655
6.696660648231045e-07,175,454,0,0.27821939586645467,1.0,0.4353233830845771
6.404067107723677e-07,175,455,0,0.2777777777777778,1.0,0.4347826086956522
6.356921176120522e-07,175,456,0,0.277337559429477,1.0,0.43424317617866004
5.976543206998031e-07,175,457,0,0.27689873417721517,1.0,0.4337050805452292
5.836193395225564e-07,175,458,0,0.2764612954186414,1.0,0.43316831683168316
5.629563020193018e-07,175,459,0,0.27602523659305994,1.0,0.4326328800988875
5.46172145732271e-07,175,460,0,0.2755905511811024,1.0,0.4320987654320988
5.4032415164329e-07,175,461,0,0.2751572327044025,1.0,0.4315659679408138
5.396402684709756e-07,175,462,0,0.27472527472527475,1.0,0.4310344827586208
5.360027444112347e-07,175,463,0,0.274294670846395,1.0,0.43050430504305043
5.287315048008168e-07,175,464,0,0.27386541471048514,1.0,0.42997542997543003
4.914877536066342e-07,175,465,0,0.2734375,1.0,0.4294478527607362
4.650051721455384e-07,175,466,0,0.27301092043681746,1.0,0.428921568627451
4.642665771825705e-07,175,467,0,0.27258566978193144,1.0,0.42839657282741733
4.625337339803082e-07,175,468,0,0.27216174183514774,1.0,0.42787286063569685
4.465565552891349e-07,175,469,0,0.2717391304347826,1.0,0.4273504273504273
4.2821741885745723e-07,175,470,0,0.2713178294573643,1.0,0.42682926829268286
4.216075240037753e-07,175,471,0,0.2708978328173375,1.0,0.42630937880633374
4.096539782949549e-07,175,472,0,0.2704791344667697,1.0,0.4257907542579075
3.855469969948899e-07,175,473,0,0.2700617283950617,1.0,0.425273390036452
3.678816824503883e-07,175,474,0,0.2696456086286595,1.0,0.42475728155339804
3.496712963624305e-07,175,475,0,0.2692307692307692,1.0,0.42424242424242425
3.492446865038801e-07,175,476,0,0.26881720430107525,1.0,0.423728813559322
3.490825406515796e-07,175,477,0,0.2684049079754601,1.0,0.42321644498186217
3.412634441701812e-07,175,478,0,0.2679938744257274,1.0,0.4227053140096618
3.269552735218895e-07,175,479,0,0.26758409785932724,1.0,0.42219541616405315
2.92664083190175e-07,175,480,0,0.26717557251908397,1.0,0.4216867469879518
2.863852728296479e-07,175,481,0,0.26676829268292684,1.0,0.42117930204572807
2.799687024435116e-07,175,482,0,0.2663622526636225,1.0,0.4206730769230769
2.738574949034956e-07,175,483,0,0.26595744680851063,1.0,0.42016806722689076
2.71925671313511e-07,175,484,0,0.26555386949924126,1.0,0.4196642685851319
2.565327577030985e-07,175,485,0,0.26515151515151514,1.0,0.41916167664670656
2.4171183099497284e-07,175,486,0,0.264750378214826,1.0,0.4186602870813397
2.2009012923263074e-07,175,487,0,0.26435045317220546,1.0,0.41816009557945044
2.1701278285490846e-07,175,488,0,0.26395173453996984,1.0,0.41766109785202865
2.1602184574476269e-07,175,489,0,0.2635542168674699,1.0,0.4171632896305125
1.976666510472569e-07,175,490,0,0.2631578947368421,1.0,0.4166666666666667
1.881667373027085e-07,175,491,0,0.2627627627627628,1.0,0.41617122473246143
1.871755728188873e-07,175,492,0,0.2623688155922039,1.0,0.41567695961995244
1.819862092133917e-07,175,493,0,0.2619760479041916,1.0,0.4151838671411625
1.782784835313578e-07,175,494,0,0.2615844544095665,1.0,0.4146919431279621
1.774735522985793e-07,175,495,0,0.26119402985074625,1.0,0.4142011834319526
1.676060747968222e-07,175,496,0,0.2608047690014903,1.0,0.41371158392434987
1.5834277178328193e-07,175,497,0,0.2604166666666667,1.0,0.4132231404958678
1.449749049697857e-07,175,498,0,0.2600297176820208,1.0,0.4127358490566038
1.4472901455064857e-07,175,499,0,0.2596439169139466,1.0,0.41224970553592466
1.3826821998463856e-07,175,500,0,0.25925925925925924,1.0,0.4117647058823529
1.3673192711394222e-07,175,501,0,0.2588757396449704,1.0,0.4112808460634548
1.238610707332555e-07,175,502,0,0.258493353028065,1.0,0.41079812206572763
1.1403783872765417e-07,175,503,0,0.2581120943952802,1.0,0.41031652989449
1.1391718146569475e-07,175,504,0,0.25773195876288657,1.0,0.40983606557377045
1.0160889729604605e-07,175,505,0,0.25735294117647056,1.0,0.4093567251461988
1.0001661365777181e-07,175,506,0,0.25697503671071953,1.0,0.4088785046728972
9.991403260301013e-08,175,507,0,0.2565982404692082,1.0,0.40840140023337224
8.997842826374837e-08,175,508,0,0.2562225475841874,1.0,0.4079254079254079
8.915399263287328e-08,175,509,0,0.25584795321637427,1.0,0.4074505238649593
8.392672867785222e-08,175,510,0,0.25547445255474455,1.0,0.4069767441860465
8.072540680359452e-08,175,511,0,0.25510204081632654,1.0,0.40650406504065045
7.985556038647702e-08,175,512,0,0.2547307132459971,1.0,0.4060324825986079
7.959751258113101e-08,175,513,0,0.2543604651162791,1.0,0.40556199304750873
7.953210001687695e-08,175,514,0,0.2539912917271408,1.0,0.4050925925925926
7.169725790845406e-08,175,515,0,0.2536231884057971,1.0,0.4046242774566474
6.85948364775868e-08,175,516,0,0.2532561505065123,1.0,0.4041570438799076
6.680688358073894e-08,175,517,0,0.25289017341040465,1.0,0.4036908881199539
6.63575789872084e-08,175,518,0,0.25252525252525254,1.0,0.40322580645161293
6.507969629865329e-08,175,519,0,0.2521613832853026,1.0,0.4027617951668584
6.411375608195159e-08,175,520,0,0.2517985611510791,1.0,0.40229885057471265
6.137927499594299e-08,175,521,0,0.2514367816091954,1.0,0.4018369690011481
6.040071554025418e-08,175,522,0,0.25107604017216645,1.0,0.40137614678899086
5.7913108975071736e-08,175,523,0,0.2507163323782235,1.0,0.40091638029782356
5.7360157512675876e-08,175,524,0,0.2503576537911302,1.0,0.4004576659038901
5.717152617989996e-08,175,525,0,0.25,1.0,0.4
5.5409152821539465e-08,175,526,0,0.24964336661911554,1.0,0.3995433789954338
5.50301031410072e-08,175,527,0,0.2492877492877493,1.0,0.39908779931584953
5.2757751944909614e-08,175,528,0,0.24893314366998578,1.0,0.3986332574031891
5.097429323086544e-08,175,529,0,0.24857954545454544,1.0,0.3981797497155859
5.080345744090665e-08,175,530,0,0.24822695035460993,1.0,0.3977272727272727
4.557789523573774e-08,175,531,0,0.24787535410764872,1.0,0.3972758229284904
4.521233876175757e-08,175,532,0,0.24752475247524752,1.0,0.3968253968253968
3.896714773077292e-08,175,533,0,0.24717514124293785,1.0,0.39637599093997733
3.883952004457569e-08,175,534,0,0.2468265162200282,1.0,0.39592760180995473
3.8353064724105934e-08,175,535,0,0.24647887323943662,1.0,0.3954802259887006
3.812390758639594e-08,175,536,0,0.24613220815752462,1.0,0.39503386004514673
3.718682606290713e-08,175,537,0,0.24578651685393257,1.0,0.3945885005636978
3.7156972609864176e-08,175,539,0,0.24509803921568626,1.0,0.39370078740157477
3.67502224207783e-08,175,540,0,0.24475524475524477,1.0,0.39325842696629215
3.5865504344201327e-08,175,541,0,0.24441340782122906,1.0,0.3928170594837262
3.3913281072273094e-08,175,542,0,0.24407252440725244,1.0,0.3923766816143498
3.1761747010250474e-08,175,543,0,0.24373259052924792,1.0,0.3919372900335946
2.945470534143624e-08,175,544,0,0.24339360222531292,1.0,0.3914988814317673
2.9325551764713964e-08,175,545,0,0.24305555555555555,1.0,0.39106145251396646
2.9317497762804123e-08,175,546,0,0.24271844660194175,1.0,0.39062500000000006
2.7934483171065952e-08,175,547,0,0.24238227146814403,1.0,0.39018952062430323
2.658109465869529e-08,175,548,0,0.24204702627939143,1.0,0.3897550111358575
2.4104096496557762e-08,175,549,0,0.24171270718232044,1.0,0.389321468298109
2.310771307634241e-08,175,550,0,0.2413793103448276,1.0,0.3888888888888889
2.234662588307401e-08,175,551,0,0.24104683195592286,1.0,0.38845726970033295
2.2180081771239202e-08,175,552,0,0.2407152682255846,1.0,0.38802660753880264
2.1541673334013467e-08,175,553,0,0.2403846153846154,1.0,0.3875968992248062
2.1527092997075673e-08,175,554,0,0.24005486968449932,1.0,0.3871681415929204
2.136449950285169e-08,175,555,0,0.23972602739726026,1.0,0.38674033149171266
2.130720133663999e-08,175,556,0,0.2393980848153215,1.0,0.3863134657836645
2.119674213929557e-08,175,557,0,0.2390710382513661,1.0,0.3858875413450937
2.0457738614254595e-08,175,558,0,0.23874488403819918,1.0,0.3854625550660793
1.9897424152759413e-08,175,559,0,0.23841961852861035,1.0,0.38503850385038507
1.9664486927695183e-08,175,560,0,0.23809523809523808,1.0,0.3846153846153846
1.668126792253588e-08,175,561,0,0.23777173913043478,1.0,0.38419319429198684
1.6571227945405553e-08,175,562,0,0.23744911804613297,1.0,0.38377192982456143
1.6288071336134635e-08,175,563,0,0.23712737127371275,1.0,0.3833515881708653
1.608584909718047e-08,175,564,0,0.2368064952638701,1.0,0.3829321663019694
1.5990499591111984e-08,175,565,0,0.23648648648648649,1.0,0.38251366120218583
1.5343459836003603e-08,175,566,0,0.23616734143049933,1.0,0.38209606986899564
1.5096162542249658e-08,175,567,0,0.2358490566037736,1.0,0.38167938931297707
1.4084809762948682e-08,175,568,0,0.23553162853297444,1.0,0.3812636165577342
1.3688674194156649e-08,175,569,0,0.23521505376344087,1.0,0.3808487486398259
1.3621478167635814e-08,175,570,0,0.2348993288590604,1.0,0.3804347826086956
1.292815454689844e-08,175,571,0,0.23458445040214476,1.0,0.38002171552660147
1.2525974923960348e-08,175,572,0,0.23427041499330656,1.0,0.3796095444685466
1.132029225914266e-08,175,573,0,0.2339572192513369,1.0,0.37919826652221017
1.0788245852211276e-08,175,574,0,0.2336448598130841,1.0,0.3787878787878788
1.0566434838210624e-08,175,575,0,0.23333333333333334,1.0,0.37837837837837834
1.0344367140646682e-08,175,576,0,0.23302263648468707,1.0,0.3779697624190065
1.0175313924776221e-08,175,577,0,0.2327127659574468,1.0,0.3775620280474649
1.002876359734728e-08,175,578,0,0.23240371845949534,1.0,0.3771551724137931
9.595283678720534e-09,175,579,0,0.23209549071618038,1.0,0.37674919268030144
9.274576662221534e-09,175,580,0,0.23178807947019867,1.0,0.3763440860215053
8.900273407164151e-09,175,581,0,0.23148148148148148,1.0,0.3759398496240602
8.691844577413121e-09,175,582,0,0.2311756935270806,1.0,0.3755364806866953
8.628004088961916e-09,175,583,0,0.23087071240105542,1.0,0.37513397642015006
8.41068192869443e-09,175,584,0,0.230566534914361,1.0,0.37473233404710915
8.145772945056251e-09,175,585,0,0.23026315789473684,1.0,0.3743315508021391
7.983451233428696e-09,175,586,0,0.22996057818659657,1.0,0.37393162393162394
7.870240459340039e-09,175,587,0,0.22965879265091863,1.0,0.3735325506937033
7.68559527131174e-09,175,588,0,0.22935779816513763,1.0,0.373134328358209
7.612473318374668e-09,175,589,0,0.22905759162303665,1.0,0.3727369542066028
7.456042894204984e-09,175,590,0,0.22875816993464052,1.0,0.3723404255319149
7.118691858210013e-09,175,591,0,0.22845953002610966,1.0,0.37194473963868224
6.850890077458871e-09,175,592,0,0.22816166883963493,1.0,0.3715498938428875
6.3599023825133835e-09,175,593,0,0.22786458333333334,1.0,0.37115588547189826
5.809507985787832e-09,175,594,0,0.22756827048114434,1.0,0.37076271186440674
5.521964663302015e-09,175,595,0,0.22727272727272727,1.0,0.37037037037037035
5.463329344479462e-09,175,596,0,0.22697795071335927,1.0,0.36997885835095135
4.83178297372433e-09,175,597,0,0.2266839378238342,1.0,0.3695881731784583
4.7638462064014675e-09,175,598,0,0.22639068564036222,1.0,0.3691983122362869
4.702807920864416e-09,175,599,0,0.22609819121447028,1.0,0.3688092729188619
4.4507717511521605e-09,175,600,0,0.22580645161290322,1.0,0.3684210526315789
4.4229806483997436e-09,175,601,0,0.22551546391752578,1.0,0.36803364879074657
4.422238131240874e-09,175,602,0,0.22522522522522523,1.0,0.36764705882352944
4.267605380192663e-09,175,603,0,0.2249357326478149,1.0,0.36726128016789084
4.160763289462466e-09,175,604,0,0.2246469833119384,1.0,0.3668763102725367
4.079290238934163e-09,175,605,0,0.22435897435897437,1.0,0.36649214659685864
4.005627829428704e-09,175,606,0,0.22407170294494239,1.0,0.36610878661087864
3.753555688490451e-09,175,607,0,0.2237851662404092,1.0,0.3657262277951933
3.3448996905605104e-09,175,608,0,0.22349936143039592,1.0,0.3653444676409186
3.206467757976838e-09,175,609,0,0.22321428571428573,1.0,0.36496350364963503
3.1399001176879437e-09,175,610,0,0.2229299363057325,1.0,0.36458333333333337
3.139175586142073e-09,175,611,0,0.22264631043256997,1.0,0.36420395421436
2.9766555886823202e-09,175,612,0,0.22236340533672172,1.0,0.36382536382536385
2.9017126479402573e-09,175,613,0,0.22208121827411167,1.0,0.363447559709242
2.831873624487002e-09,175,614,0,0.2217997465145754,1.0,0.3630705394190871
2.653017583398309e-09,175,615,0,0.22151898734177214,1.0,0.36269430051813467
2.637724261234098e-09,175,616,0,0.22123893805309736,1.0,0.36231884057971014
2.6297219957172047e-09,175,617,0,0.22095959595959597,1.0,0.3619441571871768
2.598816939425319e-09,175,618,0,0.22068095838587642,1.0,0.3615702479338843
2.499963569491115e-09,175,619,0,0.22040302267002518,1.0,0.36119711042311664
2.453551362080475e-09,175,620,0,0.22012578616352202,1.0,0.3608247422680413
2.4065451853516606e-09,175,621,0,0.2198492462311558,1.0,0.36045314109165805
2.390163844623316e-09,175,622,0,0.21957340025094102,1.0,0.36008230452674894
2.3072646015975806e-09,175,623,0,0.21929824561403508,1.0,0.3597122302158273
2.200507331906465e-09,175,624,0,0.2190237797246558,1.0,0.35934291581108824
2.1146537854122016e-09,175,625,0,0.21875,1.0,0.358974358974359
2.0351909046922856e-09,175,626,0,0.2184769038701623,1.0,0.35860655737704916
1.8365493570371427e-09,175,627,0,0.21820448877805487,1.0,0.35823950870010235
1.7729526735621446e-09,175,628,0,0.21793275217932753,1.0,0.35787321063394684
1.7337430380237604e-09,175,629,0,0.21766169154228857,1.0,0.3575076608784474
1.3423853140182016e-09,175,630,0,0.21739130434782608,1.0,0.3571428571428571
1.2834244778048287e-09,175,631,0,0.21712158808933002,1.0,0.3567787971457696
1.2668256443859603e-09,175,632,0,0.21685254027261464,1.0,0.3564154786150713
1.2647396463449923e-09,175,633,0,0.21658415841584158,1.0,0.3560528992878942
1.1966574398059038e-09,175,634,0,0.21631644004944375,1.0,0.3556910569105691
1.120649018027109e-09,175,635,0,0.21604938271604937,1.0,0.35532994923857864
1.0345250212040467e-09,175,636,0,0.2157829839704069,1.0,0.3549695740365112
1.0233777159029955e-09,175,637,0,0.21551724137931033,1.0,0.3546099290780142
9.861551575340852e-10,175,638,0,0.21525215252152521,1.0,0.354251012145749
9.621320407049436e-10,175,639,0,0.214987714987715,1.0,0.3538928210313448
9.30653942798898e-10,175,640,0,0.2147239263803681,1.0,0.35353535353535354
9.275474277536944e-10,175,641,0,0.21446078431372548,1.0,0.35317860746720486
8.966911102525899e-10,175,642,0,0.2141982864137087,1.0,0.3528225806451613
8.658200822964091e-10,175,643,0,0.2139364303178484,1.0,0.3524672708962739
6.870200519593084e-10,175,644,0,0.21367521367521367,1.0,0.35211267605633806
6.502329785718074e-10,175,645,0,0.21341463414634146,1.0,0.35175879396984927
6.397615215369966e-10,175,646,0,0.21315468940316687,1.0,0.3514056224899598
6.148443421061245e-10,175,647,0,0.21289537712895376,1.0,0.3510531594784353
5.870702812771356e-10,175,648,0,0.212636695018226,1.0,0.35070140280561124
4.6494436078958756e-10,175,649,0,0.21237864077669902,1.0,0.35035035035035034
4.2818062984117934e-10,175,650,0,0.21212121212121213,1.0,0.35
4.2668540922718984e-10,175,651,0,0.211864406779661,1.0,0.3496503496503497
4.2078315831695074e-10,175,652,0,0.21160822249093109,1.0,0.34930139720558884
3.920806457280434e-10,175,653,0,0.2113526570048309,1.0,0.3489531405782652
3.7096958838134237e-10,175,654,0,0.21109770808202655,1.0,0.34860557768924305
3.628768674435179e-10,175,655,0,0.21084337349397592,1.0,0.3482587064676617
3.3113053965472256e-10,175,656,0,0.21058965102286403,1.0,0.3479125248508947
3.165195328058701e-10,175,657,0,0.21033653846153846,1.0,0.3475670307845084
2.8698532439364044e-10,175,658,0,0.21008403361344538,1.0,0.34722222222222227
2.5998814212613297e-10,175,659,0,0.20983213429256595,1.0,0.3468780971258672
2.531289067242426e-10,175,660,0,0.20958083832335328,1.0,0.3465346534653465
2.5170002193597435e-10,175,661,0,0.20933014354066987,1.0,0.3461918892185955
2.483276917430999e-10,175,662,0,0.20908004778972522,1.0,0.3458498023715415
2.431880530284758e-10,175,663,0,0.20883054892601433,1.0,0.3455083909180652
2.4061400094588237e-10,175,664,0,0.20858164481525626,1.0,0.3451676528599606
2.2335951144203392e-10,175,665,0,0.20833333333333334,1.0,0.3448275862068966
1.9885262880769966e-10,175,666,0,0.2080856123662307,1.0,0.34448818897637795
1.950671291162109e-10,175,667,0,0.20783847980997625,1.0,0.344149459193707
1.7993231904434026e-10,175,668,0,0.20759193357058126,1.0,0.343811394891945
1.7291977572053696e-10,175,669,0,0.20734597156398105,1.0,0.3434739941118744
1.7029380683375448e-10,175,670,0,0.20710059171597633,1.0,0.3431372549019608
1.6895276844230978e-10,175,671,0,0.20685579196217493,1.0,0.3428011753183154
1.6636989008667058e-10,175,672,0,0.2066115702479339,1.0,0.34246575342465757
1.6542756053894436e-10,175,673,0,0.20636792452830188,1.0,0.3421309872922776
1.6013253223423618e-10,175,674,0,0.2061248527679623,1.0,0.341796875
1.560925277921399e-10,175,675,0,0.20588235294117646,1.0,0.34146341463414637
1.5514389772874893e-10,175,676,0,0.2056404230317274,1.0,0.341130604288499
1.5317448698315414e-10,175,677,0,0.20539906103286384,1.0,0.34079844206426485
1.5074681780635754e-10,175,678,0,0.205158264947245,1.0,0.3404669260700389
1.472946625780125e-10,175,679,0,0.20491803278688525,1.0,0.3401360544217687
1.3420364819438646e-10,175,680,0,0.2046783625730994,1.0,0.3398058252427184
1.2882013511461563e-10,175,681,0,0.2044392523364486,1.0,0.3394762366634336
1.2358467027517858e-10,175,682,0,0.20420070011668612,1.0,0.3391472868217054
1.2247801384202006e-10,175,683,0,0.20396270396270397,1.0,0.33881897386253634
1.0202219624666498e-10,175,684,0,0.20372526193247964,1.0,0.33849129593810445
1.0192124921815092e-10,175,685,0,0.20348837209302326,1.0,0.33816425120772947
9.149170310251975e-11,175,686,0,0.2032520325203252,1.0,0.3378378378378379
7.327374124121988e-11,175,687,0,0.20301624129930396,1.0,0.33751205400192863
6.93248514149758e-11,175,688,0,0.20278099652375434,1.0,0.33718689788053946
5.594482863080508e-11,175,689,0,0.2025462962962963,1.0,0.33686236766121275
4.673189266113376e-11,175,690,0,0.2023121387283237,1.0,0.33653846153846156
3.798115988384865e-11,175,691,0,0.20207852193995382,1.0,0.33621517771373677
3.7637174626903296e-11,175,692,0,0.20184544405997693,1.0,0.33589251439539347
2.4310029683727308e-11,175,693,0,0.20161290322580644,1.0,0.3355704697986577
1.8653585620587165e-11,175,694,0,0.20138089758342922,1.0,0.33524904214559387
1.2886382065591118e-11,175,695,0,0.20114942528735633,1.0,0.3349282296650718
1.2604205873456564e-11,175,696,0,0.20091848450057406,1.0,0.33460803059273425
8.782805212270706e-12,175,697,0,0.2006880733944954,1.0,0.3342884431709647
6.8761324759081255e-12,175,698,0,0.2004581901489118,1.0,0.333969465648855
3.8435526462932135e-12,175,699,0,0.20022883295194507,1.0,0.3336510962821735
3.468375543366764e-12,175,700,0,0.2,1.0,0.33333333333333337
2.5096294400256407e-12,175,701,0,0.1997716894977169,1.0,0.3330161750713606
2.5096055875778456e-12,175,702,0,0.19954389965792474,1.0,0.3326996197718631
1.7947352588462697e-12,175,703,0,0.19931662870159453,1.0,0.332383665716999
7.277975964947725e-13,175,704,0,0.19908987485779295,1.0,0.33206831119544594
6.960858755719612e-13,175,705,0,0.19886363636363635,1.0,0.3317535545023697
6.654766256282418e-13,175,706,0,0.19863791146424517,1.0,0.3314393939393939
6.362109190166665e-13,175,707,0,0.1984126984126984,1.0,0.3311258278145695
6.065153804538094e-13,175,708,0,0.19818799546998866,1.0,0.33081285444234404
6.0139154940686e-13,175,709,0,0.19796380090497737,1.0,0.3305004721435316
6.004425472452836e-13,175,710,0,0.1977401129943503,1.0,0.330188679245283
5.998130052538297e-13,175,711,0,0.19751693002257337,1.0,0.3298774740810556
5.919221818424802e-13,175,712,0,0.19729425028184894,1.0,0.32956685499058386
5.353336589124237e-13,175,713,0,0.19707207207207209,1.0,0.32925682031984954
5.050739015390049e-13,175,714,0,0.1968503937007874,1.0,0.3289473684210526
3.720099315401848e-13,175,715,0,0.19662921348314608,1.0,0.3286384976525822
3.3900844371298483e-13,175,716,0,0.19640852974186307,1.0,0.32833020637898686
3.298107772130299e-13,175,717,0,0.1961883408071749,1.0,0.3280224929709466
3.147406651710788e-13,175,718,0,0.1959686450167973,1.0,0.32771535580524347
2.8666210572826645e-13,175,719,0,0.19574944071588368,1.0,0.3274087932647334
2.71912998844534e-13,175,720,0,0.19553072625698323,1.0,0.32710280373831774
2.5920446886963655e-13,175,721,0,0.1953125,1.0,0.32679738562091504
2.48258634786766e-13,175,722,0,0.19509476031215162,1.0,0.32649253731343286
1.992559085393572e-13,175,723,0,0.19487750556792874,1.0,0.32618825722274
1.771607085207863e-13,175,724,0,0.1946607341490545,1.0,0.3258845437616387
1.6536865464229086e-13,175,725,0,0.19444444444444445,1.0,0.32558139534883723
9.097526199172355e-14,175,726,0,0.19422863485016648,1.0,0.3252788104089219
