id,seq
134,"FileAST FuncDef Decl FuncDecl ParamList Decl argc int Decl PtrDecl PtrDecl argv char main int Compound Decl n int Decl i int Decl PtrDecl q int Decl PtrDecl p int Decl PtrDecl r int Decl st double = n 10000000 = p FuncCall malloc ExprList * sizeof * p n = q FuncCall malloc ExprList * sizeof * q n = r FuncCall malloc ExprList * sizeof * r n For = i 0 < i n ++ i Compound = ArrayRef p i - % FuncCall rand 1000000 500000 = ArrayRef q i + % FuncCall rand 1000000 1 End = st FuncCall ntime For = i 0 < i 100 ++ i FuncCall timediv ExprList n p q r FuncCall printf ExprList ""%g\n"" - FuncCall ntime st Return 0 End"
24,FileAST FuncDef Decl FuncDecl foo void Compound DoWhile 0 Compound If ! FuncCall executestepa Break If ! FuncCall executestepb Break If ! FuncCall executestepc Break End End
185,FileAST FuncDef Decl FuncDecl ParamList Decl PtrDecl first char Decl PtrDecl second char PtrDecl concat char Compound Decl PtrDecl p1 char first While * p1 Compound ++ p1 End Decl PtrDecl p2 char second While * p2 Compound ++ p2 End Decl PtrDecl string char FuncCall malloc ExprList + + - p1 first - p2 second 1 If string Compound Decl PtrDecl ps char string While = * ps * ++ first Compound ++ ps End While = * ps * ++ second Compound ++ ps End End Return string End
147,"FileAST FuncDef Decl FuncDecl main int Compound Decl x int Decl sa sigaction = StructRef sa sa_handler handler FuncCall sigemptyset ExprList & StructRef sa sa_mask = StructRef sa sa_flags 0 FuncCall sigaction ExprList sigalrm & sa null FuncCall alarm ExprList 5 If == FuncCall scanf ExprList ""%d"" & x 1 Compound FuncCall printf ExprList ""%d\n"" x FuncCall alarm ExprList 0 End Compound FuncCall printf ExprList ""timedout\n"" End Return 0 End"
103,"FileAST FuncDef Decl FuncDecl ParamList Decl argc int Decl ArrayDecl PtrDecl argv char main int Compound Decl PtrDecl buf char ""add 56 89 29"" Decl sum int 0 If ! FuncCall strncmp ExprList buf ""add"" 3 Compound += buf 3 While != * buf '\0' Compound If == FuncCall isdigit ExprList * buf 0 Compound ++ buf Continue End Decl digit int Decl num int 0 While FuncCall isdigit ExprList * buf Compound = digit - Cast Typename TypeDecl int * buf 48 = num + * num 10 digit ++ buf End += sum num FuncCall printf ExprList ""Current no: %d\t Sum: %d\n"" num sum End End Return 0 End"
215,FileAST FuncDef Decl FuncDecl ParamList Decl x int mod25 int Compound Decl ArrayDecl divisors int InitList 2147483625 244140625 9765625 390625 15625 625 25 Decl i int For = i 0 < i / sizeof divisors sizeof Typename TypeDecl int ++ i Compound Decl divisor int ArrayRef divisors i While >= x divisor Compound -= x divisor End End Return x End
20,"FileAST FuncDef Decl FuncDecl main int Compound Decl rc int Decl answer int 0 FuncCall printf ExprList ""A number between 1 && 5: "" = rc FuncCall scanf ExprList ""%i"" & answer If || || || == rc eof == rc 0 > answer 5 <= answer 0 Compound FuncCall fprintf ExprList stderr ""Only numbers between 1 && 5, please.\n"" Return - 99 End Compound FuncCall printf ExprList ""You entered: %d\n"" answer Return 0 End End"
160,"FileAST FuncDef Decl FuncDecl ParamList Typename TypeDecl void main int Compound Decl i int Decl l int Decl m int Decl upper int 1 Decl c char Decl ArrayDecl buff char ""this is a simple string"" = l FuncCall strlen ExprList buff FuncCall printf ExprList ""Original string:\n\t'%s'\n\n"" buff For = i 0 < i l ++ i Compound If upper = ArrayRef buff i FuncCall toupper ExprList ArrayRef buff i = upper FuncCall isspace ExprList ArrayRef buff i End FuncCall printf ExprList ""Capitalized:\n\t'%s'\n\n"" buff For = i 0 < i / l 2 ++ i Compound = c ArrayRef buff i = ArrayRef buff i ArrayRef buff - l + i 1 = ArrayRef buff - l + i 1 c End FuncCall printf ExprList ""Reversed:\n\t'%s'\n\n"" buff Return 0 End"
98,"FileAST FuncDef Decl FuncDecl ParamList Typename TypeDecl void main int Compound Decl x group FuncCall srand ExprList FuncCall time ExprList 0 For DeclList Decl k int 0 < k 20 ++ k Compound = x FuncCall f1 Switch StructRef x lastunionmember Compound Default FuncCall printf ExprList ""invalid value\n"" Break Case 1 FuncCall printf ExprList ""int value is %d\n"" * StructRef StructRef x x intp Break Case 2 FuncCall printf ExprList ""string is \""%s\""\n"" StructRef StructRef x x charp Break Case 3 FuncCall printf ExprList ""double value is %f\n"" StructRef StructRef x x doublev Break End End End"
7,"FileAST FuncDef Decl FuncDecl main int Compound Decl i int 1 Decl fibonacci int 1 DoWhile <= fibonacci 100 Compound FuncCall printf ExprList ""The %2dst Fibonacci number is %3d\n"" i fibonacci = fibonacci FuncCall fibonacci ExprList ++ i End Return 0 End"
80,"FileAST FuncDef Decl FuncDecl main void Compound Decl ArrayDecl a int 8 InitList 601 602 603 604 605 605 606 607 Decl k int Decl i int Decl j int 601 For = i 602 <= i 607 ++ i Compound = j ^ j i End For = k 0 < k 8 ++ k Compound = j ^ j ArrayRef a k End FuncCall printf ExprList ""%d"" j End"
5,"FileAST FuncDef Decl FuncDecl ParamList Typename TypeDecl void main int Compound Decl ch int Decl inWord int 0 While != = ch FuncCall getchar eof Compound If || || == ch ' ' == ch '\n' == ch '\t' Compound If inword Compound FuncCall printf ExprList ""\n"" End = inword 0 End Compound = inword 1 End If inword Compound FuncCall putchar ExprList ch End End Return 0 End"
56,"FileAST FuncDef Decl FuncDecl ParamList Typename TypeDecl void main int Compound While 1 Compound FuncCall printf ExprList ""Hello\n"" If FuncCall kbhit Compound If == 'n' FuncCall getch Compound Break End End End End"
25,"FileAST FuncDef Decl FuncDecl ParamList Typename TypeDecl void main int Compound Decl i int Decl number int Decl guess int Decl ret int Decl answer char FuncCall printf ExprList ""Welcome to the game of Guess It!\nI will choose a number between %d && %d.\nYou will try to guess that number.\nI will tell you if you guessed too high || too low.\nYou have %d tries to get the number.\n\nOK, I am thinking of a number. Try to guess it.\n\n"" low high tries FuncCall srand ExprList FuncCall time ExprList null While 1 Compound = number + % FuncCall rand high 1 For = i 0 < i tries ++ i Compound While 1 Compound FuncCall printf ExprList ""Your guess no. %d? "" + i 1 If != = ret FuncCall scanf ExprList "" %d"" & guess 1 Compound If == ret eof Compound FuncCall printf ExprList ""input canceled, exiting.\n"" Return 0 End FuncCall fprintf ExprList stderr ""  error: invalid input.\n"" FuncCall fflushstdin Continue End If || < guess low > guess high FuncCall printf ExprList ""Illegal guess. Your guess must be between %d && %d.\nTry again. Your guess?"" low high Break End If == guess number Compound FuncCall printf ExprList ""\n**** CORRECT  ****\n\nWant to play again(y/n) "" FuncCall fflushstdin While || != = ret FuncCall scanf ExprList "" %c"" & answer 1 && != answer 'y' != answer 'n' Compound FuncCall fprintf ExprList stderr ""error: invalid answer, play again (y/n) "" If == ret eof Compound FuncCall printf ExprList ""input canceled, exiting.\n"" Return 0 End FuncCall fflushstdin End If == answer 'y' done FuncCall printf ExprList ""Goodbye, It was fun. Play again soon.\n"" Return 0 End If > guess number FuncCall printf ExprList ""Too high!\n"" If < guess number FuncCall printf ExprList ""Too low!\n"" End FuncCall printf ExprList ""Sorry, you exhausted all your tries, number was: %d\nplay again (y/n) "" number FuncCall fflushstdin While || != = ret FuncCall scanf ExprList "" %c"" & answer 1 && != answer 'y' != answer 'n' Compound FuncCall fprintf ExprList stderr ""error: invalid answer, play again (y/n) "" If == ret eof Compound FuncCall printf ExprList ""input canceled, exiting.\n"" Return 0 End FuncCall fflushstdin End If != answer 'y' Break Label EmptyStatement EmptyStatement End Return 0 End"
35,"FileAST FuncDef Decl FuncDecl main int Compound Decl n int Decl i int Decl ArrayDecl str char 100 Decl PtrDecl PtrDecl strArray char FuncCall scanf ExprList ""%d"" & n = strarray Cast Typename PtrDecl PtrDecl TypeDecl char FuncCall malloc ExprList n For = i 0 < i n ++ i Compound = ArrayRef strarray i Cast Typename PtrDecl TypeDecl char FuncCall malloc ExprList * sizeof Typename TypeDecl char 100 FuncCall scanf ExprList ""%s"" ArrayRef strarray i End For = i 0 < i n ++ i Compound FuncCall printf ExprList ""%s\n"" ArrayRef strarray i FuncCall free ExprList ArrayRef strarray i End FuncCall getchar Return 0 End"
78,"FileAST FuncDef Decl FuncDecl main int Compound Decl ArrayDecl my_str char ""auiouxxxxxxaeibaou"" Decl todo_newline int 1 For DeclList Decl i int 0 != ArrayRef my_str i '\0' ++ i Compound If == FuncCall isvowel ExprList ArrayRef my_str i 1 Compound FuncCall printf ExprList ""%c"" ArrayRef my_str i = todo_newline 1 End Compound If == todo_newline 1 Compound FuncCall printf ExprList ""%c"" '\n' = todo_newline - 1 End End End End"
191,"FileAST FuncDef Decl FuncDecl ParamList Typename TypeDecl void main int Compound Decl ArrayDecl firstDigit char 3 Decl ArrayDecl secondDigit char 3 FuncCall printf ExprList ""Enter your first digit: "" If ! FuncCall fgets ExprList firstdigit sizeof firstdigit stdin Return 1 FuncCall printf ExprList ""\nEnter your second digit: "" If ! FuncCall fgets ExprList seconddigit sizeof seconddigit stdin Return 1 FuncCall printf ExprList ""\n\nYour first digit is %s && your second digit is %s.\n"" firstdigit seconddigit Return 0 End"
26,"FileAST FuncDef Decl FuncDecl ParamList Typename TypeDecl void main int Compound FuncCall srand ExprList FuncCall time ExprList 0 For Compound Decl number int + % FuncCall rand 200 1 Decl tries int 5 Decl found int 0 While -- tries Compound Decl guess int invalidinput While || < guess 1 > guess 200 Compound FuncCall fputs ExprList ""guess [1..200]: "" stdout = guess FuncCall readpositivenumber If == guess readerror Return exit_failure End If == guess number Compound FuncCall puts ExprList ""Correct!"" = found 1 Break End If < guess number FuncCall puts ExprList ""Too low!"" FuncCall puts ExprList ""Too high!"" End If ! found Compound FuncCall puts ExprList ""No luck!"" End Decl yn int invalidinput While < yn 0 Compound FuncCall fputs ExprList ""play again (y/n)? "" stdout = yn FuncCall readyesno If == yn readerror Return exit_failure End If ! yn Compound FuncCall puts ExprList ""Bye!"" Return exit_success End End End"
17,"FileAST FuncDef Decl FuncDecl main int Compound Decl i int 2 Decl fibonacci int 0 Decl fParcialone int 1 Decl fParcialtwo int 0 FuncCall printf ExprList ""The %2dst Fibonacci number is %3d\n"" - i 1 + fibonacci 1 = fibonacci + fparcialone fparcialtwo DoWhile <= = fibonacci + fparcialone fparcialtwo 100 Compound FuncCall printf ExprList ""The %2dst Fibonacci number is %3d\n"" i fibonacci = fparcialtwo fparcialone = fparcialone fibonacci ++ i End Return 0 End"
52,FileAST FuncDef Decl FuncDecl ParamList Decl PtrDecl q queue Decl value char QueueDeleteNext int Compound Decl PtrDecl prev node null Decl PtrDecl curr node StructRef q front Decl count int 0 While curr Compound If == StructRef curr gender value Compound Decl PtrDecl nn node curr If == prev null Compound = StructRef q front StructRef curr next End Compound = StructRef prev next StructRef curr next End If == curr StructRef q back = StructRef q back prev = curr StructRef curr next FuncCall free ExprList nn ++ count End Compound = prev curr = curr StructRef curr next End End Return count End
39,"FileAST FuncDef Decl FuncDecl main int Compound Decl dec_num int Decl i int 0 FuncCall printf ExprList ""type in 3 digits number to convert to binary\n"" Decl flag int FuncCall scanf ExprList ""%d"" & dec_num If != flag 1 Compound FuncCall printf ExprList ""Input is not recognized as an integer"" Return 0 End Decl size int 0 Decl ArrayDecl array int 120 InitList 0 While > dec_num 0 Compound If != % dec_num two 0 Compound = ArrayRef array i 1 End If == % dec_num two 0 Compound = ArrayRef array i 0 End = size ++ i = dec_num / dec_num two End For = i - size 1 >= i 0 -- i FuncCall printf ExprList ""%d"" ArrayRef array i Return 0 End"
11,"FileAST FuncDef Decl FuncDecl main int Compound Decl i int 1 Decl fibonacci int 1 DoWhile <= fibonacci 100 Compound FuncCall printf ExprList ""The %2dst Fibonacci number is %3d\n"" i fibonacci = fibonacci FuncCall fibonacci ExprList ++ i End Return 0 End"
47,"FileAST FuncDef Decl FuncDecl ParamList Typename TypeDecl void main int Compound Decl i int Decl ArrayDecl num double 10 For = i 1 <= i 10 ++ i Compound FuncCall printf ExprList ""Enter a number: "" If != FuncCall scanf ExprList ""%lf"" & ArrayRef num - i 1 1 Compound FuncCall puts ExprList ""read error"" Return 1 End End Return 0 End"
163,FileAST FuncDef Decl FuncDecl ParamList Decl lhs unsigned Decl rhs unsigned add_gray unsigned Compound Decl lhs_base unsigned FuncCall hyperfloor ExprList lhs Decl rhs_base unsigned FuncCall hyperfloor ExprList rhs If == lhs_base rhs_base Compound If == lhs rhs Compound Return ^ << lhs 1u FuncCall __builtin_parity ExprList lhs End Return ^ << lhs_base 1u FuncCall add_gray ExprList ^ lhs_base lhs ^ lhs_base rhs End If < lhs_base rhs_base Compound FuncCall swap ExprList & lhs & rhs FuncCall swap ExprList & lhs_base & rhs_base End If == lhs lhs_base Compound Return ^ lhs rhs End Decl tmp unsigned FuncCall add_gray ExprList ^ lhs lhs_base rhs If < FuncCall hyperfloor ExprList tmp lhs_base Compound Return ^ lhs_base tmp End Return ^ << lhs_base 1u ^ lhs_base tmp End
19,"FileAST FuncDef Decl FuncDecl ParamList Decl argc int Decl PtrDecl PtrDecl argv char main int Compound Decl val int - 1 Decl other char Decl code int If != argc 2 Compound FuncCall printf ExprList ""please give an arg to program\n"" FuncCall exit ExprList 0 End = code FuncCall sscanf ExprList ArrayRef argv 1 ""%d"" & val If == code 1 Compound FuncCall printf ExprList ""number %d"" val End Compound = code FuncCall sscanf ExprList ArrayRef argv 1 ""%c"" & other If == code 1 Compound FuncCall printf ExprList ""character is %c"" other End Compound FuncCall printf ExprList ""error occured"" End End End"
126,"FileAST FuncDef Decl FuncDecl main void Compound Decl ArrayDecl PtrDecl examples char InitList """" ""5"" ""D"" ""5D"" ""5Df"" ""deadbeef10203040b00b1e50"" ""02invalid55"" Decl ArrayDecl byte_array unsigned 128 Decl i int 0 For < i / sizeof examples sizeof Typename PtrDecl TypeDecl char ++ i Compound Decl size int FuncCall convert ExprList ArrayRef examples i byte_array 128 If < size 0 Compound FuncCall printf ExprList ""Failed to convert '%s'\n"" ArrayRef examples i End If == size 0 Compound FuncCall printf ExprList ""Nothing to convert for '%s'\n"" ArrayRef examples i End Compound FuncCall print ExprList byte_array size End End End"
108,"FileAST FuncDef Decl FuncDecl main int Compound Decl ArrayDecl source char ""v=0 o=sip_user IN 10230 22472 IP4 10.10.10.44 s=SIP_CALL c=IN IP4 10.10.10.44 m=audio 49152 RTP/AVP 0 8 a=rtpmap:0 PCMU/8000 a=rtpmap:8 PCMA/8000"" Decl ArrayDecl PtrDecl str char 7 Decl PtrDecl pf char source Decl PtrDecl ps char Decl i int For = i 0 < i 7 ++ i Compound = pf FuncCall strchr ExprList pf '=' = ps FuncCall strchr ExprList + pf 1 '=' If == ps null = ps + source / sizeof source sizeof Typename TypeDecl char -= ps 2 -= pf 1 = ArrayRef str i Cast Typename PtrDecl TypeDecl char FuncCall malloc ExprList * + - ps pf 1 sizeof Typename TypeDecl char FuncCall strncpy ExprList ArrayRef str i pf - ps pf += pf 2 End For = i 0 < i 7 ++ i FuncCall printf ExprList ""str%d %s\n"" + i 1 ArrayRef str i For = i 0 < i 7 ++ i FuncCall free ExprList ArrayRef str i Return 0 End"
84,"FileAST FuncDef Decl FuncDecl ParamList Typename TypeDecl void main int Compound Decl ArrayDecl x int 10 Decl i int Decl n int Decl first int Decl second int FuncCall printf ExprList ""Input the size of array :"" If || || != FuncCall scanf ExprList ""%d"" & n 1 < n 0 > n 10 Compound FuncCall printf ExprList ""invalid input\n"" Return 1 End If <= n 0 Compound = first = second 0 End Compound FuncCall printf ExprList ""Input %d elements in the array:\n"" n For = i 0 < i n ++ i Compound FuncCall printf ExprList ""x[%d]: "" i If != FuncCall scanf ExprList ""%d"" & ArrayRef x i 1 Compound FuncCall printf ExprList ""invalid input\n"" Return 1 End End = first = second ArrayRef x 0 For = i 1 < i n ++ i Compound If < first ArrayRef x i Compound = second first = first ArrayRef x i End If && > ArrayRef x i second != ArrayRef x i first Compound = second ArrayRef x i End End End If == second first FuncCall printf ExprList ""There is no second largest element\n"" FuncCall printf ExprList ""\nThe Second largest element in the array is: %d\n"" second Return 0 End"
111,"FileAST FuncDef Decl FuncDecl main int Compound Decl i int Decl j int Decl dup int 0 Decl ArrayDecl arr int 10 InitList 4 7 2 4 3 1 7 9 6 5 For = i 0 < i 10 ++ i Compound For = j + i 1 < j 10 ++ j Compound If == ArrayRef arr i ArrayRef arr j Compound FuncCall printf ExprList ""arr[%d] = %d = arr[%d] = %d\n"" i ArrayRef arr i j ArrayRef arr j ++ dup End End End FuncCall printf ExprList ""\nnumber of duplicates is %d\n"" dup Return 0 End"
221,"FileAST FuncDef Decl FuncDecl ParamList Typename TypeDecl void main int Compound Decl index unsigned Decl size unsigned Decl result int FuncCall fprintf ExprList stderr ""input the desired array size: "" While && != = result FuncCall scanf ExprList ""%u"" & size 1 != result eof Compound FuncCall fprintf ExprList stderr ""invalid input, try again\n"" FuncCall clearstdin End If == result eof Compound FuncCall fprintf ExprList stderr ""EOF recieved, ending the program\n"" Return - 1 End If < size somelargesize Compound Decl ArrayDecl array int size For = index 0 < index size ++ index Compound FuncCall fprintf ExprList stderr ""input an integer: "" If && == = result FuncCall scanf ExprList ""%d"" & ArrayRef array index 1 != result eof FuncCall fprintf ExprList stdout ""\tarray[%d] = %d\n"" index ArrayRef array index If == result eof Compound FuncCall fprintf ExprList stderr ""EOF recieved, ending the program\n"" Return - 1 End Compound FuncCall fprintf ExprList stderr ""invalid input, try again\n"" -= index 1 End FuncCall clearstdin End End Compound FuncCall fprintf ExprList stderr ""sorry, you requested a very large array\n"" Return - 1 End Return 0 End"
10,"FileAST FuncDef Decl FuncDecl main int Compound Decl i int 2 Decl fibonacci int 0 Decl fParcialone int 1 Decl fParcialtwo int 0 FuncCall printf ExprList ""The %2dst Fibonacci number is %3d\n"" - i 1 + fibonacci 1 = fibonacci + fparcialone fparcialtwo While <= fibonacci 100 Compound FuncCall printf ExprList ""The %2dst Fibonacci number is %3d\n"" i fibonacci = fparcialtwo fparcialone = fparcialone fibonacci = fibonacci + fparcialone fparcialtwo ++ i End Return 0 End"
14,"FileAST FuncDef Decl FuncDecl main int Compound Decl i int 2 Decl fibonacci int 0 Decl fParcialone int 1 Decl fParcialtwo int 0 FuncCall printf ExprList ""The %2dst Fibonacci number is %3d\n"" - i 1 + fibonacci 1 = fibonacci + fparcialone fparcialtwo While <= fibonacci 100 Compound FuncCall printf ExprList ""The %2dst Fibonacci number is %3d\n"" i fibonacci = fparcialtwo fparcialone = fparcialone fibonacci ++ i = fibonacci + fparcialone fparcialtwo End Return 0 End"
107,"FileAST FuncDef Decl FuncDecl main int Compound Decl ArrayDecl input char ""v=0 o=sip_user IN 10230 22472 IP4 10.10.10.44 s=SIP_CALL c=IN IP4 10.10.10.44 m=audio 49152 RTP/AVP 0 8 a=rtpmap:0 PCMU/8000 a=rtpmap:8 PCMA/8000"" Decl ArrayDecl PtrDecl parts char 16 InitList 0 Decl top int 0 Decl i int Decl PtrDecl s char input While && < top 15 = s FuncCall strchr ExprList s '=' Compound = ArrayRef parts ++ top - s 1 ++ s End For = i 1 ArrayRef parts i ++ i = ArrayRef ArrayRef parts i - 1 '\0' For = i 0 ArrayRef parts i ++ i FuncCall printf ExprList ""%s\n"" ArrayRef parts i Return 0 End"
112,"FileAST FuncDef Decl FuncDecl main int Compound Decl ArrayDecl values int InitList 88 56 100 2 100 56 56 56 2 1 Decl count int 0 FuncCall qsort ExprList values 5 sizeof Typename TypeDecl int cmpfunc For DeclList Decl i int 0 < i - size 1 ++ i Compound If == ArrayRef values i ArrayRef values + i 1 ++ count End FuncCall printf ExprList ""%d dupes"" count Return 0 End"
104,"FileAST FuncDef Decl FuncDecl ParamList Decl argc int Decl ArrayDecl PtrDecl argv char main int Compound Decl ArrayDecl temp char 100 Decl ArrayDecl op char 4 Decl PtrDecl buf char ""add 56 89 29"" Decl offset int 0 Decl used int 0 Decl rcount int 0 Decl lastno int - 999 Decl currno int FuncCall bzero ExprList & temp sizeof temp FuncCall sscanf ExprList buf ""%3s%n"" op & used += offset used If ! FuncCall strcmp ExprList op ""add"" Compound While == FuncCall sscanf ExprList + buf offset ""%99s%n"" temp & used 1 Compound = currno FuncCall atoi ExprList temp += offset used FuncCall printf ExprList ""Current no: %d\tOffset: %d\n"" currno offset = lastno currno End End Return 0 End"
131,"FileAST FuncDef Decl FuncDecl main void Compound Decl elesize int sizeof Typename TypeDecl int Decl i int Decl r int Decl ArrayDecl src int 20 Decl ArrayDecl tgt int 20 For = i 0 < i 20 = ArrayRef src i ++ i EmptyStatement FuncCall srand ExprList Cast Typename TypeDecl unsigned FuncCall time ExprList 0 For = i 20 > i 0 -- i Compound = r % FuncCall rand i FuncCall memcpy ExprList & ArrayRef tgt - 20 i & ArrayRef src r elesize FuncCall memcpy ExprList & ArrayRef src r & ArrayRef src - i 1 elesize End For = i 0 < i 20 FuncCall printf ExprList ""%d "" ArrayRef tgt ++ i EmptyStatement End"
64,"FileAST FuncDef Decl FuncDecl ParamList Decl argc int Decl ArrayDecl PtrDecl argv char main int Compound Decl ArrayDecl name char 64 Decl ArrayDecl buffer char 64 FuncCall printf ExprList ""Please enter your name: "" = file FuncCall fopen ExprList ""results.dat"" ""rw"" If ! file Compound FuncCall printf ExprList ""Results.dat could not be opened.\n"" FuncCall exit ExprList - 1 End If FuncCall fgets ExprList buffer 64 file Compound If FuncCall strcmp ExprList buffer ""john"" Compound FuncCall printf ExprList ""Contents of file is john\n"" End End Return 0 End"
16,"FileAST FuncDef Decl FuncDecl main int Compound Decl i int 2 Decl fibonacci int 0 Decl fParcialone int 1 Decl fParcialtwo int 0 FuncCall printf ExprList ""The %2dst Fibonacci number is %3d\n"" - i 1 + fibonacci 1 = fibonacci + fparcialone fparcialtwo While <= fibonacci 100 Compound FuncCall printf ExprList ""The %2dst Fibonacci number is %3d\n"" i fibonacci = fparcialtwo fparcialone = fparcialone fibonacci = fibonacci + fparcialone fparcialtwo ++ i End Return 0 End"
57,"FileAST FuncDef Decl FuncDecl main void Compound Decl sub int Decl a int Decl b int Decl carry int Decl temp int Decl c int Decl d int FuncCall clrscr FuncCall printf ExprList ""enter a && b:"" FuncCall scanf ExprList ""%d%d"" & a & b = c a = d b While b Compound = carry & a b = a ^ a b = b << carry 1 End FuncCall printf ExprList ""add(%d,%d):%d\n"" c d a = temp + ~ d 1 = sub + c temp FuncCall printf ExprList ""diff(%d,%d):%d\n"" c d temp FuncCall getch End"
178,"FileAST FuncDef Decl FuncDecl main int Compound * file pfile = pfile FuncCall fopen ExprList ""example.txt"" ""wb"" FuncCall fputs ExprList ""This is an apple."" pfile FuncCall fseek ExprList pfile * 1024 1024 seek_set FuncCall fputs ExprList "" sam"" pfile FuncCall fclose ExprList pfile Return 0 End"
3,"FileAST FuncDef Decl FuncDecl ParamList Typename TypeDecl void main int Compound Decl ArrayDecl a int 100 Decl n int Decl x int Decl i int 0 FuncCall scanf ExprList ""%d%d"" & n & x For = i 0 < i n ++ i Compound FuncCall scanf ExprList ""%d"" & ArrayRef a i End Return 0 End"
4,"FileAST FuncDef Decl FuncDecl ParamList Typename TypeDecl void main int Compound Decl PtrDecl a int null Decl n int Decl x int Decl i int FuncCall scanf ExprList ""%d%d"" & n & x If <= n 0 Compound FuncCall fprintf ExprList stderr ""n must be > 0\n"" Return 1 End = a FuncCall malloc ExprList * n sizeof Typename TypeDecl int If == a null Compound FuncCall fprintf ExprList stderr ""failed to allocate memory for %d integers\n"" n Return 1 End For = i 0 < i n ++ i Compound FuncCall scanf ExprList ""%d"" & ArrayRef a i End For = i 0 < i n ++ i Compound FuncCall printf ExprList ""a[%d] = %d\n"" i ArrayRef a i End FuncCall printf ExprList ""x = %d\n"" x FuncCall free ExprList a Return 0 End"
43,"FileAST FuncDef Decl FuncDecl main int Compound Decl dec_num int FuncCall printf ExprList ""type in a 3 digit number to convert to binary\n"" If != FuncCall scanf ExprList ""%d"" & dec_num 1 Compound FuncCall printf ExprList ""invalid input\n"" Return 1 End If || < dec_num 0 > dec_num 999 Compound FuncCall printf ExprList ""invalid value: must have at most 3 digits\n"" Return 1 End For Compound If != % dec_num 2 0 Compound FuncCall printf ExprList ""1"" End Compound FuncCall printf ExprList ""0"" End = dec_num / dec_num 2 If == dec_num 0 Break End FuncCall printf ExprList ""\n"" Return 0 End"
18,"FileAST FuncDef Decl FuncDecl main int Compound Decl i int 1 Decl fibonacci int 1 Decl fParcialone int 1 Decl fParcialtwo int 0 While <= fibonacci 100 Compound FuncCall printf ExprList ""The %2dst Fibonacci number is %3d\n"" i fibonacci = fibonacci + fparcialone fparcialtwo = fparcialtwo fparcialone = fparcialone fibonacci ++ i End Return 0 End"
171,"FileAST FuncDef Decl FuncDecl ParamList Typename TypeDecl void main int Compound Decl start timeval Decl end timeval Decl mtime long Decl secs long Decl usecs long FuncCall gettimeofday ExprList & start null FuncCall something_else FuncCall gettimeofday ExprList & end null = secs - StructRef end tv_sec StructRef start tv_sec = usecs - StructRef end tv_usec StructRef start tv_usec = mtime + + * secs 1000 / usecs 1000.0 0.5 FuncCall printf ExprList ""Elapsed time: %ld millisecs\n"" mtime Return 0 End"
30,"FileAST FuncDef Decl FuncDecl ParamList Typename TypeDecl void main int Compound Decl first_digit int Decl second_digit int FuncCall printf ExprList ""Enter two digits: "" FuncCall scanf ExprList ""%1d%1d"" & first_digit & second_digit If == first_digit 1 Compound Switch % second_digit 10 Compound Case 0 FuncCall printf ExprList "" ten"" Break Case 1 FuncCall printf ExprList "" eleven"" Break Case 2 FuncCall printf ExprList "" twelve"" Break Case 3 FuncCall printf ExprList "" thirteen"" Break Case 4 FuncCall printf ExprList "" fourteen"" Break Case 5 FuncCall printf ExprList "" fifteen"" Break Case 6 FuncCall printf ExprList "" sixteen"" Break Case 7 FuncCall printf ExprList "" seventeen"" Break Case 8 FuncCall printf ExprList "" eighteen"" Break Case 9 FuncCall printf ExprList "" ninteen"" Break End Return 0 End Switch % first_digit 10 Compound Case 1 FuncCall printf ExprList ""ten"" Break Case 2 FuncCall printf ExprList ""twenty"" Break Case 3 FuncCall printf ExprList ""thirty"" Break Case 4 FuncCall printf ExprList ""forty"" Break Case 5 FuncCall printf ExprList ""fifty"" Break Case 6 FuncCall printf ExprList ""sixty"" Break Case 7 FuncCall printf ExprList ""seventy"" Break Case 8 FuncCall printf ExprList ""eighty"" Break Case 9 FuncCall printf ExprList ""ninety"" Break End Switch % second_digit 10 Compound Case 0 Break Case 1 FuncCall printf ExprList "" one"" Break Case 2 FuncCall printf ExprList "" two"" Break Case 3 FuncCall printf ExprList "" three"" Break Case 4 FuncCall printf ExprList "" four"" Break Case 5 FuncCall printf ExprList "" five"" Break Case 6 FuncCall printf ExprList "" six"" Break Case 7 FuncCall printf ExprList "" seven"" Break Case 8 FuncCall printf ExprList "" eight"" Break Case 9 FuncCall printf ExprList "" nine"" Break End Return 0 End"
142,"FileAST FuncDef Decl FuncDecl ParamList Typename TypeDecl void menu char Compound Decl food char FuncCall printf ExprList ""Please select food from the following:\n"" FuncCall printf ExprList "" B = Burger, F = French Fries, P = Pizza, S = Sandwiches \n"" FuncCall printf ExprList ""Enter food:"" If != FuncCall scanf ExprList "" %c"" & food 1 Compound FuncCall perror ExprList ""scanf error"" FuncCall abort End Return food End"
97,"FileAST FuncDef Decl FuncDecl main int Compound Decl PtrDecl ptr_int int FuncCall func ExprList 3 Decl PtrDecl ptr_char char FuncCall func ExprList 4 FuncCall fprintf ExprList stdout ""int value = %d\n"" * ptr_int FuncCall fprintf ExprList stdout ""char value = %c\n"" * ptr_char FuncCall free ExprList ptr_int FuncCall free ExprList ptr_char Return 0 End"
74,"FileAST FuncDef Decl FuncDecl ParamList Typename TypeDecl void main int Compound Compound Decl ArrayDecl a int InitList 1 2 3 4 5 Decl ArrayDecl b int InitList 3 4 5 1 2 FuncCall printf ExprList ""The arrays are equivalent: %d\n"" FuncCall is_equivalent ExprList a b / sizeof a sizeof * a End Compound Decl ArrayDecl a int InitList 1 2 3 4 5 Decl ArrayDecl b int InitList 3 4 5 2 1 FuncCall printf ExprList ""The arrays are equivalent: %d\n"" FuncCall is_equivalent ExprList a b / sizeof a sizeof * a End Return 0 End"
46,"FileAST FuncDef Decl FuncDecl ParamList Decl PtrDecl string char ltrim void Compound Decl i int 0 While == ArrayRef string 0 ' ' Compound = i 0 While ArrayRef string i Compound = ArrayRef string i ArrayRef string + i 1 ++ i End End FuncCall printf ExprList ""inside function string is <%s>---length is %d\n"" string FuncCall strlen ExprList string End"
66,"FileAST FuncDef Decl FuncDecl main int Compound Decl ArrayDecl s student 10 Decl i int FuncCall printf ExprList ""Enter information of students:\n"" For = i 0 < i 10 ++ i Compound = StructRef ArrayRef s i roll + i 1 FuncCall printf ExprList ""\nFor roll number %d\n"" StructRef ArrayRef s i roll FuncCall printf ExprList ""Enter name: "" FuncCall scanf ExprList ""%s"" StructRef ArrayRef s i name FuncCall printf ExprList ""Enter marks: "" FuncCall scanf ExprList ""%f"" & StructRef ArrayRef s i marks FuncCall printf ExprList ""\n"" End FuncCall printf ExprList ""Displaying information of students:\n\n"" For = i 0 < i 10 ++ i Compound FuncCall printf ExprList ""\nInformation for roll number %d:\n"" + i 1 FuncCall printf ExprList ""Name: "" FuncCall puts ExprList StructRef ArrayRef s i name FuncCall printf ExprList ""Marks: %.1f"" StructRef ArrayRef s i marks End Return 0 End"
49,"FileAST FuncDef Decl FuncDecl ParamList Typename TypeDecl void main int Compound Decl x int FuncCall scanf ExprList ""%d"" & x If == x 1 FuncCall printf ExprList ""ON"" If == x 0 FuncCall printf ExprList ""OFF"" FuncCall printf ExprList ""Unexpected Input"" End"
140,"FileAST FuncDef Decl FuncDecl main void Compound FuncCall clrscr Decl grandtotal float 0 Decl choice int 0 DoWhile != choice 1 Compound Decl food char FuncCall menu Decl total float FuncCall foods ExprList food = grandtotal + grandtotal total FuncCall printf ExprList ""\n Total Price is: %0.2f"" grandtotal FuncCall printf ExprList ""\n Do you want to order more? [1] Yes [2] No:"" If != FuncCall scanf ExprList ""%d"" & choice 1 Compound FuncCall perror ExprList ""scanf error"" FuncCall abort End End End"
29,"FileAST FuncDef Decl FuncDecl ParamList Typename TypeDecl void main int Compound Decl num int FuncCall printf ExprList ""Enter a two digit number: "" FuncCall scanf ExprList ""%d"" & num If && > num 10 < num 20 Compound FuncCall badnums ExprList num End Compound FuncCall goodnums ExprList num End Return 0 End"
96,"FileAST FuncDef Decl FuncDecl ParamList Typename TypeDecl void main int Compound Decl PtrDecl num char FuncCall malloc ExprList 100 Decl PtrDecl p char num FuncCall strcpy ExprList num ""123056"" = p + p 3 = * p '4' FuncCall printf ExprList ""%s\n"" num Return 0 End"
83,"FileAST FuncDef Decl FuncDecl ParamList Typename TypeDecl void main int Compound Decl i int Decl n int FuncCall printf ExprList ""Input the size of array :"" FuncCall scanf ExprList ""%d"" & n Decl ArrayDecl x int n FuncCall printf ExprList ""Input %d elements in the array :\n"" n For = i 0 < i n ++ i Compound FuncCall printf ExprList ""x[%d]: "" i FuncCall scanf ExprList ""%d"" & ArrayRef x i End Decl first int ArrayRef x 0 Decl second int ArrayRef x 0 For = i 0 < i n ++ i Compound If < first ArrayRef x i Compound = second first = first ArrayRef x i End If && > ArrayRef x i second != ArrayRef x i first Compound = second ArrayRef x i End End If == second first FuncCall printf ExprList ""There is no second largest element\n"" FuncCall printf ExprList ""\nThe Second largest element in the array is: %d"" second Return 0 End"
154,"FileAST FuncDef Decl FuncDecl ParamList Decl ArrayDecl name char name_abbreviated void Compound Decl ArrayDecl last_name char 20 Decl j int 0 Decl last_space_idx int For DeclList Decl i int - FuncCall strlen ExprList name 1 >= i 0 -- i Compound If == ArrayRef name i ' ' Compound = last_space_idx i While ArrayRef name i = ArrayRef last_name ++ j ArrayRef name ++ i = ArrayRef last_name j '\0' Break End End Decl ArrayDecl rest_name char 15 = ArrayRef rest_name 0 ArrayRef name 0 = ArrayRef rest_name 1 '.' = ArrayRef rest_name 2 ' ' = j 3 For DeclList Decl i int 3 < i last_space_idx ++ i Compound If == ArrayRef name i ' ' Compound = ArrayRef rest_name ++ j ArrayRef name + i 1 = ArrayRef rest_name ++ j '.' = ArrayRef rest_name ++ j ' ' End End = ArrayRef rest_name - j 1 '\0' FuncCall printf ExprList ""%s, %s\n"" last_name rest_name End"
40,"FileAST FuncDef Decl FuncDecl main int Compound Decl dec_num int FuncCall printf ExprList ""type in a 3 digit number to convert to binary\n"" If != FuncCall scanf ExprList ""%d"" & dec_num 1 Compound FuncCall printf ExprList ""invalid input\n"" Return 1 End If || < dec_num 0 > dec_num 999 Compound FuncCall printf ExprList ""invalid value: must have at most 3 digits\n"" Return 1 End For Compound If != % dec_num 2 0 Compound FuncCall printf ExprList ""1"" End Compound FuncCall printf ExprList ""0"" End = dec_num / dec_num 2 If == dec_num 0 Break End FuncCall printf ExprList ""\n"" Return 0 End"
41,"FileAST FuncDef Decl FuncDecl main int Compound Decl dec_num int Decl i int 0 FuncCall printf ExprList ""type in 3 digits number to convert to binary\n"" Decl flag int FuncCall scanf ExprList ""%d"" & dec_num If != flag 1 Compound FuncCall printf ExprList ""Input is not recognized as an integer"" Return 0 End Decl size int 0 Decl ArrayDecl array int 120 InitList 0 While > dec_num 0 Compound If != % dec_num two 0 Compound = ArrayRef array i 1 End If == % dec_num two 0 Compound = ArrayRef array i 0 End = size ++ i = dec_num / dec_num two End For = i - size 1 >= i 0 -- i FuncCall printf ExprList ""%d"" ArrayRef array i Return 0 End"
15,"FileAST FuncDef Decl FuncDecl main int Compound Decl i int 2 Decl fibonacci int 0 Decl fParcialone int 1 Decl fParcialtwo int 0 FuncCall printf ExprList ""The %2dst Fibonacci number is %3d\n"" - i 1 + fibonacci 1 = fibonacci + fparcialone fparcialtwo DoWhile <= = fibonacci + fparcialone fparcialtwo 100 Compound FuncCall printf ExprList ""The %2dst Fibonacci number is %3d\n"" i fibonacci = fparcialtwo fparcialone = fparcialone fibonacci ++ i End Return 0 End"
153,"FileAST FuncDef Decl FuncDecl ParamList Decl PtrDecl name char name_abbreviated void Compound Decl ArrayDecl tmp char + len 1 Decl ArrayDecl abbr char len Decl ArrayDecl PtrDecl words char len Decl PtrDecl token char Decl i int 0 FuncCall strncpy ExprList tmp name len = token FuncCall strtok ExprList tmp "" "" While token Compound = ArrayRef words ++ i token = token FuncCall strtok ExprList null "" "" End = ArrayRef ArrayRef words - i 1 - FuncCall strlen ExprList ArrayRef words - i 1 1 '\0' FuncCall sprintf ExprList abbr ""%s, "" ArrayRef words - i 1 For DeclList Decl j int 0 < j - i 1 ++ j FuncCall sprintf ExprList + abbr FuncCall strlen ExprList abbr ""%c. "" ArrayRef ArrayRef words j 0 FuncCall puts ExprList abbr End"
58,FileAST FuncDef Decl FuncDecl ParamList Decl argc int Decl PtrDecl PtrDecl argv char main int Compound Decl from int - 100 Decl to int 100 Decl i int Decl j int For = i from <= i to ++ i Compound FuncCall assert ExprList == - 0 i FuncCall negate ExprList i FuncCall assert ExprList == == % i 2 0 FuncCall is_even ExprList i FuncCall assert ExprList == * i 2 FuncCall multiply_by_two ExprList i If FuncCall is_even ExprList i Compound FuncCall assert ExprList == / i 2 FuncCall divide_by_two ExprList i End End For = i from <= i to ++ i Compound For = j from <= j to ++ j Compound FuncCall assert ExprList == + i j FuncCall add ExprList i j FuncCall assert ExprList == - i j FuncCall subtract ExprList i j FuncCall assert ExprList == * i j FuncCall multiply ExprList i j End End Return 0 End
9,"FileAST FuncDef Decl FuncDecl main int Compound Decl i int 1 Decl fibonacci int 1 DoWhile <= fibonacci 100 Compound FuncCall printf ExprList ""The %2dst Fibonacci number is %3d\n"" i fibonacci = fibonacci FuncCall fibonacci ExprList ++ i End Return 0 End"
143,FileAST FuncDef Decl FuncDecl ParamList Decl PtrDecl s1 char Decl PtrDecl s2 char isRotated int Compound Decl ArrayDecl s char 199 If != FuncCall strlen ExprList s1 FuncCall strlen ExprList s2 Return 0 If == FuncCall strcmp ExprList s1 s2 0 Return 1 FuncCall strcpy ExprList s s1 FuncCall strcat ExprList s s1 Return FuncCall issubstring ExprList s s2 End
141,"FileAST FuncDef Decl FuncDecl menu void Compound = food ' ' = quantity 0 = price 0 = total 0 = choice 0 FuncCall printf ExprList ""Please select food from the following:\n"" FuncCall printf ExprList "" B = Burger, F = French Fries, P = Pizza, S = Sandwiches \n"" FuncCall printf ExprList ""Enter food:"" FuncCall scanf ExprList ""%c"" & food End"
8,"FileAST FuncDef Decl FuncDecl main int Compound Decl i int 2 Decl fibonacci int 0 Decl fParcialone int 1 Decl fParcialtwo int 0 FuncCall printf ExprList ""The %2dst Fibonacci number is %3d\n"" - i 1 + fibonacci 1 = fibonacci + fparcialone fparcialtwo While <= fibonacci 100 Compound FuncCall printf ExprList ""The %2dst Fibonacci number is %3d\n"" i fibonacci = fparcialtwo fparcialone = fparcialone fibonacci ++ i = fibonacci + fparcialone fparcialtwo End Return 0 End"
65,"FileAST FuncDef Decl FuncDecl ParamList Typename TypeDecl void main int Compound Decl Struct Decl ArrayDecl name char 20 Decl age int Decl salary float Decl ArrayDecl p perdata 4 For DeclList Decl i int 0 < i 4 ++ i Compound FuncCall scanf ExprList ""%s"" & StructRef ArrayRef p i name End For DeclList Decl i int 0 < i 4 ++ i Compound FuncCall printf ExprList ""p%d.name:%s\n"" + i 1 StructRef ArrayRef p i name End FuncCall getch End"
81,FileAST FuncDef Decl FuncDecl ParamList Decl argc int Decl ArrayDecl PtrDecl argv char main int Compound Decl PtrDecl b bitv FuncCall bitv_alloc ExprList 32 FuncCall bitv_set ExprList b 1 FuncCall bitv_set ExprList b 3 FuncCall bitv_set ExprList b 5 FuncCall bitv_set ExprList b 7 FuncCall bitv_set ExprList b 9 FuncCall bitv_set ExprList b 32 FuncCall bitv_dump ExprList b FuncCall bitv_free ExprList b Return 0 End
32,"FileAST FuncDef Decl FuncDecl ParamList Decl ArrayDecl t int Decl num int modeScore void Compound Decl ArrayDecl f int size InitList 0 For DeclList Decl i int 0 < i num ++ i ++ ArrayRef f ArrayRef t i Decl mode int 0 Decl max int 0 For DeclList Decl j int 0 < j num ++ j Compound If > ArrayRef f j max Compound = max ArrayRef f j = mode j End End FuncCall printf ExprList ""Part F: %3d is mode (count %d)\n"" mode max End"
37,"FileAST FuncDef Decl FuncDecl main int Compound Decl n int Decl ArrayDecl ArrayDecl str char 100 100 FuncCall scanf ExprList ""%d\n"" & n For DeclList Decl i int 0 < i n ++ i Compound FuncCall scanf ExprList ""%s"" ArrayRef str i End For DeclList Decl i int 0 < i n ++ i FuncCall printf ExprList ""%s\n"" ArrayRef str i FuncCall getchar Return 0 End"
110,"FileAST FuncDef Decl FuncDecl main int Compound Decl ArrayDecl values int InitList 88 56 100 2 100 56 56 56 2 1 Decl count int 0 FuncCall qsort ExprList values 5 sizeof Typename TypeDecl int cmpfunc For DeclList Decl i int 0 < i - size 1 ++ i Compound If == ArrayRef values i ArrayRef values + i 1 ++ count End FuncCall printf ExprList ""%d dupes"" count Return 0 End"
68,"FileAST FuncDef Decl FuncDecl ParamList Decl argc int Decl PtrDecl PtrDecl argv char main int Compound FuncCall gen_primes FuncCall gen_table For DeclList Decl i int 0 <= i 18 ++ i For DeclList Decl j int 0 <= j 163 ++ j Compound For DeclList Decl k int 0 <= k 1458 ++ k If != ArrayRef ArrayRef ArrayRef dyn_table i j k 0ll Compound = ArrayRef ArrayRef start i j k Break End For DeclList Decl k int 1460 >= k 0 -- k If != ArrayRef ArrayRef ArrayRef dyn_table i j k 0ll Compound = ArrayRef ArrayRef end i j k Break End End Decl cases int 0 FuncCall scanf ExprList ""%d"" & cases For DeclList Decl i int 0 < i cases ++ i Compound Decl a unsigned Decl b unsigned FuncCall scanf ExprList ""%lld %lld"" & a & b If == b 1000000000000000000ll -- b FuncCall printf ExprList ""%lld\n"" - FuncCall count_lucky ExprList b FuncCall count_lucky ExprList - a 1 End Return 0 End"
95,"FileAST FuncDef Decl FuncDecl ParamList Typename TypeDecl void main int Compound Decl PtrDecl num char Decl PtrDecl p char = num FuncCall malloc ExprList * sizeof Typename TypeDecl char 100 If == num null FuncCall exit ExprList 1 FuncCall memset ExprList num 0 * sizeof Typename TypeDecl char 100 = p num FuncCall strncpy ExprList num ""123056"" - 100 1 = * + p 3 '4' FuncCall printf ExprList ""%s\n"" num FuncCall free ExprList num Return 0 End"
71,"FileAST FuncDef Decl FuncDecl ParamList Typename TypeDecl void main int Compound Decl a float Decl b float Decl c float Decl d double FuncCall printf ExprList ""Enter the values of 'a','b' && 'c': "" If == FuncCall scanf ExprList ""%f %f %f"" & a & b & c 3 Compound = d FuncCall my_function ExprList a b c FuncCall printf ExprList ""Result: %f\n"" d End FuncCall printf ExprList ""Oops: I didn't understand what you typed\n"" End"
129,FileAST FuncDef Decl FuncDecl ParamList Decl PtrDecl arr int Decl len int PtrDecl multTwo int Compound Decl PtrDecl newarr int Decl newlen int If >= * arr 5 = newlen + len 1 = newlen len = newarr Cast Typename PtrDecl TypeDecl int FuncCall malloc ExprList * sizeof Typename TypeDecl int newlen FuncCall memset ExprList newarr 0 newlen Decl i int Decl temp int For = i 1 <= i len ++ i Compound = temp * * - + arr i 1 2 If < temp 10 Compound += * - + newarr i 1 temp End Compound += * - + newarr i 1 / temp 10 += * + newarr i % temp 10 End End Return newarr End
6,FileAST FuncDef Decl FuncDecl ParamList Typename TypeDecl void main int Compound Decl c int Decl state int = state out While != = c FuncCall getchar eof Compound Switch state Compound Case out Switch c Compound Case ' ' Case '\n' Case '\t' Break Default FuncCall putchar ExprList c = state in End Break Case in Switch c Compound Case ' ' Case '\n' Case '\t' FuncCall putchar ExprList '\n' = state out Break Default FuncCall putchar ExprList c End Break End End Return 0 End
31,"FileAST FuncDef Decl FuncDecl ParamList Decl ArrayDecl t int Decl num int modeScore void Compound Decl start int 0 Decl mode int ArrayRef t 0 Decl score int 0 For DeclList Decl i int 1 < i num ++ i Compound If > - i start score Compound = score - i start = mode ArrayRef t start End If != ArrayRef t start ArrayRef t i = start i End FuncCall printf ExprList ""Part F: %3d is mode (count %d)\n"" mode score End"
13,"FileAST FuncDef Decl FuncDecl main int Compound Decl i int 2 Decl fibonacci int 0 Decl fParcialone int 1 Decl fParcialtwo int 0 FuncCall printf ExprList ""The %2dst Fibonacci number is %3d\n"" - i 1 + fibonacci 1 = fibonacci + fparcialone fparcialtwo DoWhile <= = fibonacci + fparcialone fparcialtwo 100 Compound FuncCall printf ExprList ""The %2dst Fibonacci number is %3d\n"" i fibonacci = fparcialtwo fparcialone = fparcialone fibonacci ++ i End Return 0 End"
72,"FileAST FuncDef Decl FuncDecl main int Compound Decl a float Decl b float Decl c float Decl result float FuncCall printf ExprList ""Enter the values of 'a','b' && 'c':"" FuncCall scanf ExprList ""%f %f %f"" & a & b & c = result FuncCall my_function ExprList a b c FuncCall printf ExprList ""\nResult is %f"" result Return 0 End"
76,"FileAST FuncDef Decl FuncDecl ParamList Decl argc int Decl ArrayDecl PtrDecl argv char main int Compound Decl ArrayDecl str char ""aeixae"" Decl length int FuncCall strlen ExprList str Decl start_index int 0 Decl end_index int 0 For DeclList Decl x int 0 <= x length ++ x Compound If || == x length ! FuncCall isvowel ExprList ArrayRef str x Compound = end_index x FuncCall substr ExprList str start_index - end_index 1 = start_index + end_index 1 End End Return 0 End"
1,"FileAST FuncDef Decl FuncDecl ParamList Decl argc int Decl PtrDecl PtrDecl argv char main int Compound Decl tree1 int 14 Decl tree2 int 7 Decl tree3 int 16 Decl limit int 11 Decl cutamounttotal int 0 += cutamounttotal FuncCall cutamount ExprList tree1 limit += cutamounttotal FuncCall cutamount ExprList tree2 limit += cutamounttotal FuncCall cutamount ExprList tree3 limit FuncCall printf ExprList ""Amount to remove: %d\n"" cutamounttotal Return 0 End"
106,"FileAST FuncDef Decl FuncDecl main int Compound Decl ArrayDecl str char ""/products/product_code1233213/image.jpg"" Decl ArrayDecl s char 2 ""/"" Decl PtrDecl token char = token FuncCall strtok ExprList str s While != token null Compound FuncCall printf ExprList "" %s\n"" token = token FuncCall strtok ExprList null s End Return 0 End"
55,"FileAST FuncDef Decl FuncDecl ParamList Typename TypeDecl void main int Compound Decl c int 0 While != c 'n' Compound DoWhile ! FuncCall kbhit Compound FuncCall printf ExprList ""Hello\n"" End = c FuncCall getch End Return 0 End"
146,FileAST FuncDef Decl FuncDecl main int Compound For = i 0 < i num_threads ++ i Compound FuncCall pthread_mutex_lock ExprList & running_mutex ++ running_threads FuncCall pthread_mutex_unlock ExprList & running_mutex End While > running_threads 0 Compound FuncCall sleep ExprList 1 End End
45,FileAST FuncDef Decl FuncDecl ParamList Decl PtrDecl src char ltrim void Compound Decl PtrDecl dst char For = dst src == * src ' ' ++ src Compound End If == dst src Return While = * ++ dst * ++ src Compound End Return End
158,"FileAST FuncDef Decl FuncDecl main int Compound Decl PtrDecl app int Decl i int Decl count int = count 20 = app null FuncCall printf ExprList ""Inside main\n"" FuncCall alloco ExprList & app count If == app null Return - 1 For = i 0 < i count ++ i FuncCall printf ExprList ""app[%d] = %d \n"" i ArrayRef app i FuncCall free ExprList app Return 0 End"
198,"FileAST FuncDef Decl FuncDecl ParamList Decl argc int Decl PtrDecl PtrDecl argv char main int Compound * file ftmpl * file fcust * file fout Decl fldused int Decl PtrDecl cp char Decl ArrayDecl buf char 5000 = fcust FuncCall xfopen ExprList ""data.txt"" ""r"" = ftmpl FuncCall xfopen ExprList ""template.txt"" ""r"" = fout FuncCall xfopen ExprList ""/dev/null"" ""w"" = fldused FuncCall check_tmpl ExprList fout ftmpl FuncCall check_cust ExprList fout fcust fldused = fout FuncCall xfclose ExprList fout FuncCall rewind ExprList fcust While 1 Compound = cp FuncCall fgets ExprList buf sizeof buf fcust If == cp null Break = cp FuncCall strchr ExprList buf '\n' If != cp null = * cp 0 FuncCall docust ExprList stdout ftmpl buf End = fcust FuncCall xfclose ExprList fcust = ftmpl FuncCall xfclose ExprList ftmpl Return 0 End"
216,FileAST FuncDef Decl FuncDecl ParamList Decl x int mod25 int Compound If >= x 1677721600 -= x 1677721600 If >= x 838860800 -= x 838860800 If >= x 419430400 -= x 419430400 If >= x 209715200 -= x 209715200 If >= x 104857600 -= x 104857600 If >= x 52428800 -= x 52428800 If >= x 26214400 -= x 26214400 If >= x 13107200 -= x 13107200 If >= x 6553600 -= x 6553600 If >= x 3276800 -= x 3276800 If >= x 1638400 -= x 1638400 If >= x 819200 -= x 819200 If >= x 409600 -= x 409600 If >= x 204800 -= x 204800 If >= x 102400 -= x 102400 If >= x 51200 -= x 51200 If >= x 25600 -= x 25600 If >= x 12800 -= x 12800 If >= x 6400 -= x 6400 If >= x 3200 -= x 3200 If >= x 1600 -= x 1600 If >= x 800 -= x 800 If >= x 400 -= x 400 If >= x 200 -= x 200 If >= x 100 -= x 100 If >= x 50 -= x 50 If >= x 25 -= x 25 Return x End
61,FileAST FuncDef Decl FuncDecl ParamList Decl x int Decl y int add int Compound Decl a int Decl b int DoWhile a Compound = a & x y = b ^ x y = x << a 1 = y b End Return b End
214,"FileAST FuncDef Decl FuncDecl ParamList Typename TypeDecl void main int Compound Decl num int Decl ArrayDecl inp unsigned ""d3"" FuncCall printf ExprList ""\f%s is "" inp If == FuncCall pin_to_num ExprList & num inp decode_ok Compound FuncCall printf ExprList ""%d\r\n"" num End Compound FuncCall printf ExprList ""err\r\n"" End Return 0 End"
128,FileAST FuncDef Decl FuncDecl ParamList Decl PtrDecl root treenode minDepth int Compound If == root null Compound Return 0 End If == StructRef root left null Compound Return TernaryOp == StructRef root right null 1 + FuncCall mindepth ExprList StructRef root right 1 End If == StructRef root right null Compound Return + FuncCall mindepth ExprList StructRef root left 1 End Decl r int FuncCall mindepth ExprList StructRef root right Decl l int FuncCall mindepth ExprList StructRef root left Return + TernaryOp > r l l r 1 End
193,FileAST FuncDef Decl FuncDecl ParamList Decl n unsigned Decl PtrDecl buf char PtrDecl int2bin char Compound Decl ArrayDecl static_buf char + bits 1 Decl i int If == buf null = buf static_buf For = i - bits 1 >= i 0 -- i Compound = ArrayRef buf i TernaryOp & n 1 '1' '0' >>= n 1 End = ArrayRef buf bits '\0' Return buf End
85,"FileAST FuncDef Decl FuncDecl ParamList Decl PtrDecl filename char countLOC int Compound Decl c int Decl nlines int 0 Decl found int 0 * file file = file FuncCall fopen ExprList filename ""r"" If == file null Compound FuncCall printf ExprList ""failed to open %s\n"" filename Return - 1 End While != = c FuncCall fgetc ExprList file eof Compound If == c '\n' Compound += nlines TernaryOp != found 0 1 0 = found 0 End = found || == c '|' != found 0 End += nlines TernaryOp != found 0 1 0 FuncCall printf ExprList ""%d"" nlines FuncCall fclose ExprList files Return nlines End"
199,"FileAST FuncDef Decl FuncDecl ParamList Typename TypeDecl void main int Compound Decl PtrDecl inputString char ""1-2,4^,14-56"" Decl PtrDecl next_code_at char inputstring Decl result long Decl ArrayDecl dest char 100 Decl PtrDecl dest_ptr char FuncCall printf ExprList ""%s\n"" inputstring = ArrayRef dest 0 0 = dest_ptr dest While && next_code_at * next_code_at Compound While && * next_code_at ! FuncCall isdigit ExprList * next_code_at Compound += dest_ptr FuncCall sprintf ExprList dest_ptr ""%c"" * next_code_at ++ next_code_at End If * next_code_at Compound = result FuncCall strtol ExprList next_code_at & next_code_at 10 If errno Compound FuncCall perror ExprList ""strtol failed"" Return exit_failure End Compound If < result long_max += dest_ptr FuncCall sprintf ExprList dest_ptr ""%ld"" + result 1 Compound FuncCall fprintf ExprList stderr ""number too large!\n"" Return exit_failure End End End End FuncCall printf ExprList ""%s\n"" dest Return exit_success End"
218,FileAST FuncDef Decl FuncDecl ParamList Decl a int Decl b int mod int Compound Decl s int b While <= s a Compound <<= s 1 End Decl r int a While >= r b Compound >>= s 1 If <= s r Compound -= r s End End Return r End
187,FileAST FuncDef Decl FuncDecl ParamList Decl PtrDecl first char Decl PtrDecl second char PtrDecl concat char Compound Decl string1Len int FuncCall strlen ExprList first Decl string2Len int FuncCall strlen ExprList second Decl length int + string1len string2len Decl PtrDecl string char FuncCall malloc ExprList + * sizeof Typename TypeDecl char length 1 FuncCall assert ExprList string Decl i int 0 While < i string1len Compound = ArrayRef string i * first += first 1 += i 1 End While < i length Compound = ArrayRef string i * second += second 1 += i 1 End = ArrayRef string i '\0' Return string End
136,"FileAST FuncDef Decl FuncDecl ParamList Typename TypeDecl void main int Compound FuncCall printf ExprList ""%30s: %g\n"" ""FLT_EPSILON"" flt_epsilon FuncCall printf ExprList ""%30s: %g\n"" ""FLT_MIN"" flt_min FuncCall printf ExprList ""%30s: %g\n"" ""nextafterf(0.0, 1.0)"" FuncCall nextafterf ExprList 0.0 1.0 FuncCall printf ExprList ""%30s: %g\n"" ""nextafterf(1.0, 2.0)-1"" - FuncCall nextafterf ExprList 1.0 2.0 1.0f FuncCall puts ExprList """" FuncCall printf ExprList ""%30s: %g\n"" ""DBL_EPSILON"" dbl_epsilon FuncCall printf ExprList ""%30s: %g\n"" ""DBL_MIN"" dbl_min FuncCall printf ExprList ""%30s: %g\n"" ""nextafter(0.0, 1.0)"" FuncCall nextafter ExprList 0.0 1.0 FuncCall printf ExprList ""%30s: %g\n"" ""nextafter(1.0, 2.0)-1"" - FuncCall nextafter ExprList 1.0 2.0 1.0 FuncCall puts ExprList """" FuncCall printf ExprList ""%30s: %Lg\n"" ""LDBL_EPSILON"" ldbl_epsilon FuncCall printf ExprList ""%30s: %Lg\n"" ""LDBL_MIN"" ldbl_min FuncCall printf ExprList ""%30s: %Lg\n"" ""nextafterl(0.0, 1.0)"" FuncCall nextafterl ExprList 0.0 1.0 FuncCall printf ExprList ""%30s: %Lg\n"" ""nextafterl(1.0, 2.0)-1"" - FuncCall nextafterl ExprList 1.0 2.0 1.0 Return 0 End"
139,"FileAST FuncDef Decl FuncDecl main void Compound FuncCall clrscr DoWhile == choice 1 Compound FuncCall menu FuncCall foods FuncCall printf ExprList ""\n Do you want to order more? [1] Yes [2] No:"" FuncCall scanf ExprList ""%d"" & choice FuncCall getchar = grandtotal + grandtotal total End FuncCall printf ExprList ""\n Total Price is: %0.2f"" grandtotal FuncCall getch End"
181,FileAST FuncDef Decl FuncDecl ParamList Decl PtrDecl destination char Decl PtrDecl source char PtrDecl my_strcopy char Compound Decl PtrDecl p char destination DoWhile * ++ source Compound If == * source ' ' = * ++ p '\\' = * ++ p * source End Return destination End
63,"FileAST FuncDef Decl FuncDecl ParamList Typename TypeDecl void main int Compound Decl ArrayDecl userName char 10 Decl ArrayDecl names char 20 FuncCall printf ExprList ""\n\n\n\nPlease enter your name: "" FuncCall scanf ExprList ""%s"" username * file fp = fp FuncCall fopen ExprList ""results.dat"" ""r"" If == fp null Compound FuncCall printf ExprList ""I couldn't open results.dat for writing.\n"" FuncCall exit ExprList 0 End While FuncCall fgets ExprList names 20 fp Compound = ArrayRef names - FuncCall strlen ExprList names 1 '\0' If == FuncCall strcmp ExprList names username 0 Compound FuncCall printf ExprList ""Match found\n"" End End Return 0 End"
205,"FileAST FuncDef Decl FuncDecl ParamList Typename TypeDecl void main int Compound Decl i int Decl ArrayDecl arr int InitList 1 2 3 4 5 FuncCall slide_arr ExprList arr FuncCall _countof ExprList arr 2 For = i 0 < i FuncCall _countof ExprList arr ++ i Compound FuncCall printf ExprList ""%d, "" ArrayRef arr i End Return exit_success End"
169,"FileAST FuncDef Decl FuncDecl ParamList Typename TypeDecl void main int Compound Decl start timeval Decl end timeval Decl mtime long Decl secs long Decl usecs long FuncCall gettimeofday ExprList & start null FuncCall something_else FuncCall gettimeofday ExprList & end null = secs - StructRef end tv_sec StructRef start tv_sec = usecs - StructRef end tv_usec StructRef start tv_usec = mtime + + * secs 1000 / usecs 1000.0 0.5 FuncCall printf ExprList ""Elapsed time: %ld millisecs\n"" mtime Return 0 End"
124,"FileAST FuncDef Decl FuncDecl main void Compound Decl ArrayDecl PtrDecl examples char InitList """" ""5"" ""D"" ""5D"" ""5Df"" ""deadbeef10203040b00b1e50"" ""02invalid55"" Decl ArrayDecl byte_array unsigned 128 Decl i int 0 For < i / sizeof examples sizeof Typename PtrDecl TypeDecl char ++ i Compound Decl size int FuncCall convert ExprList ArrayRef examples i byte_array 128 If < size 0 Compound FuncCall printf ExprList ""Failed to convert '%s'\n"" ArrayRef examples i End If == size 0 Compound FuncCall printf ExprList ""Nothing to convert for '%s'\n"" ArrayRef examples i End Compound FuncCall print ExprList byte_array size End End End"
202,FileAST FuncDef Decl FuncDecl ParamList Decl cnum int permutation void Compound Decl mid int Decl flag int 1 Decl giga int 0 Decl dead int 0 Decl ArrayDecl array int 50 For DeclList Decl i int 0 < i - len 1 ++ i Compound = ArrayRef array 50 '\0' = dead 0 For DeclList Decl j int cnum < j + len cnum ++ j Compound = mid % j len If && == mid cnum == flag 1 Compound << cout ArrayRef str mid = ArrayRef array dead mid ++ dead = flag 0 End Compound = giga % + i j len For DeclList Decl k int 0 < k dead ++ k Compound If && == ArrayRef array k giga == flag 0 Compound = giga % + giga 1 len End End << cout ArrayRef str giga = ArrayRef array dead giga ++ dead End End << cout endl = flag 1 End End
114,"FileAST FuncDef Decl FuncDecl main int Compound Decl PtrDecl arr int null Decl arrLen int FuncCall scanf ExprList ""%d"" & arrlen = arr FuncCall malloc ExprList * arrlen sizeof Typename TypeDecl int If == arr null Compound FuncCall fprintf ExprList stderr ""Not enough heap-mem for %d ints\n"" arrlen FuncCall exit ExprList exit_failure End FuncCall free ExprList arr Return 0 End"
34,"FileAST FuncDef Decl FuncDecl SetStdOutToNewConsole void Compound Decl hConHandle int Decl lStdHandle long * file fp FuncCall allocconsole = lstdhandle Cast Typename TypeDecl long FuncCall getstdhandle ExprList std_output_handle = hconhandle FuncCall _open_osfhandle ExprList lstdhandle _o_text = fp FuncCall _fdopen ExprList hconhandle ""w"" = * stdout * fp FuncCall setvbuf ExprList stdout null _ionbf 0 End"
184,"FileAST FuncDef Decl FuncDecl main int Compound Decl c int 0 Decl mini int Decl maxi int Decl i int Decl com1 int Decl com2 int Decl PtrDecl t int FuncCall scanf ExprList ""%d"" & c = t FuncCall malloc ExprList * c sizeof Typename TypeDecl int For = i 0 < i c ++ i FuncCall scanf ExprList ""%d"" & ArrayRef t i FuncCall printf ExprList ""\n"" For = i 0 < i c ++ i Compound If > ArrayRef t i 10 Compound = maxi 10 = mini - ArrayRef t i 10 End Compound = maxi ArrayRef t i = mini 0 End = com1 + % FuncCall rand + - maxi mini 1 mini = com2 - ArrayRef t i com1 FuncCall printf ExprList ""%d %d\n"" com1 com2 End FuncCall free ExprList t Return 0 End"
109,"FileAST FuncDef Decl FuncDecl main int Compound Decl ArrayDecl a int 10 Decl i int Decl j int Decl flag int 0 FuncCall printf ExprList ""Please Enter 10 Numbers"" For = i 0 < i 10 ++ i FuncCall scanf ExprList ""%d"" & ArrayRef a i For = i 0 < i 10 ++ i Compound For = j + i 1 < j 10 ++ j Compound If == ArrayRef a i ArrayRef a j Compound ++ flag FuncCall printf ExprList ""Array Element %d && %d are equal"" i j End End End FuncCall printf ExprList ""\nThe Equal Numbers In The Array Are = %d"" flag Return 0 End"
213,"FileAST FuncDef Decl FuncDecl ParamList Typename TypeDecl void main int Compound Decl ArrayDecl PtrDecl pins char InitList ""d1"" ""d2"" ""d3"" ""d4"" ""d5"" ""o1"" ""o2"" ""o3"" ""o4"" Decl ArrayDecl pinsNumbers int InitList 1 2 19 4 14 6 12 15 17 Decl PtrDecl key char ""d3"" Decl PtrDecl PtrDecl p char FuncCall bsearch ExprList & key pins / sizeof pins sizeof * pins sizeof Typename PtrDecl TypeDecl char cmp If p FuncCall printf ExprList ""%d\n"" ArrayRef pinsnumbers - p pins Return 0 End"
113,"FileAST FuncDef Decl FuncDecl ParamList Typename TypeDecl void main int Compound Decl i long Decl ArrayDecl text char ""a;lskdddddddd;js;'"" = buf FuncCall malloc ExprList 1000000 FuncCall strcat ExprList buf ""a;lskdddddddd;js;dlkag;lkjsda;gkl;sdfja;klagj;aglkjaf;d"" = i 1 While < FuncCall strlen ExprList buf * i 1000000 Compound FuncCall strcat ExprList buf text If > FuncCall strlen ExprList buf - * i 10000 10 Compound ++ i = buf FuncCall realloc ExprList buf * 10000000 i End End Return 0 End"
175,"FileAST FuncDef Decl FuncDecl main int Compound Decl m float Decl n float Decl p float Decl max float If != FuncCall scanf ExprList ""%f%f%f"" & m & n & p 3 Compound FuncCall puts ExprList ""Bad input"" Return 1 End = max m If > n max Compound = max n End If > p max Compound = max p End FuncCall printf ExprList ""%f"" max Return 0 End"
177,"FileAST FuncDef Decl FuncDecl ParamList Decl argc int Decl ArrayDecl PtrDecl argv char main int Compound * file f Decl i int FuncCall memset ExprList chunk 0 chunk = f FuncCall fopen ExprList ""/tmp/myfile"" ""w"" If == f null Return 1 For = i 0 < i numchunks ++ i Compound FuncCall fwrite ExprList chunk chunk 1 f End FuncCall fclose ExprList f Return 0 End"
192,"FileAST FuncDef Decl FuncDecl ParamList Typename TypeDecl void main int Compound Decl ArrayDecl firstDigit char 3 Decl ArrayDecl secondDigit char 3 FuncCall printf ExprList ""Enter your first digit: "" FuncCall fgets ExprList firstdigit sizeof firstdigit stdin If == FuncCall strchr ExprList firstdigit '\n' null Compound Decl c int While && != = c FuncCall getchar '\n' != c eof Compound Continue End End FuncCall putchar ExprList '\n' FuncCall printf ExprList ""Enter your second digit: "" FuncCall fgets ExprList seconddigit sizeof seconddigit stdin If == FuncCall strchr ExprList seconddigit '\n' null Compound Decl c int While && != = c FuncCall getchar '\n' != c eof Compound Continue End End FuncCall puts ExprList ""\n"" FuncCall printf ExprList ""Your first digit is %c && your second digit is %c.\n"" ArrayRef firstdigit 0 ArrayRef seconddigit 0 Return 0 End"
12,"FileAST FuncDef Decl FuncDecl main int Compound Decl i int 1 Decl fibonacci int 1 Decl fParcialone int 1 Decl fParcialtwo int 0 While <= fibonacci 100 Compound FuncCall printf ExprList ""The %2dst Fibonacci number is %3d\n"" i fibonacci = fibonacci + fparcialone fparcialtwo = fparcialtwo fparcialone = fparcialone fibonacci ++ i End Return 0 End"
120,"FileAST FuncDef Decl FuncDecl main void Compound Decl ArrayDecl PtrDecl examples char InitList """" ""5"" ""D"" ""5D"" ""5Df"" ""deadbeef10203040b00b1e50"" ""02invalid55"" Decl ArrayDecl byte_array unsigned 128 Decl i int 0 For < i / sizeof examples sizeof Typename PtrDecl TypeDecl char ++ i Compound Decl size int FuncCall convert ExprList ArrayRef examples i byte_array 128 If < size 0 Compound FuncCall printf ExprList ""Failed to convert '%s'\n"" ArrayRef examples i End If == size 0 Compound FuncCall printf ExprList ""Nothing to convert for '%s'\n"" ArrayRef examples i End Compound FuncCall print ExprList byte_array size End End End"
144,FileAST FuncDef Decl FuncDecl ParamList Decl PtrDecl s1 char Decl PtrDecl s2 char isRotated int Compound Decl ArrayDecl s char 200 FuncCall strcpy ExprList s s1 FuncCall strcat ExprList s s1 If FuncCall strstr ExprList s s2 Return 1 Return 0 End
59,FileAST FuncDef Decl FuncDecl ParamList Decl x int Decl y int add int Compound Decl a int Decl b int DoWhile a Compound = a & x y = b ^ x y = x << a 1 = y b End Return b End
182,FileAST FuncDef Decl FuncDecl ParamList Decl PtrDecl destination char Decl PtrDecl source char PtrDecl my_strcopy char Compound Decl PtrDecl p char = p destination While != * source '\0' Compound If == * source ' ' Compound = * ++ p '\\' = * p ' ' End Compound = * p * source End ++ p ++ source End = * p '\0' Return destination End
219,"FileAST FuncDef Decl FuncDecl main int Compound Decl i int 0 Decl c char Decl sign char 43 FuncCall printf ExprList ""voer een getal in:\n"" = c FuncCall getchar If == c 45 = sign 45 For || < c 48 > c 57 = c FuncCall getchar EmptyStatement For && > c 47 < c 58 = c FuncCall getchar Compound = i - + + << i 1 << i 3 c 48 End FuncCall printf ExprList ""het ingevoerde getal is: %c%d\n"" sign i Return 0 End"
2,"FileAST FuncDef Decl FuncDecl ParamList Typename TypeDecl void main int Compound Decl ArrayDecl tree int 3 InitList 0 Decl max int 0 Decl cut int 0 ExprList FuncCall printf ExprList ""Max Height: "" FuncCall scanf ExprList ""%d"" & max For DeclList Decl i int 0 < i 3 ++ i Compound ExprList FuncCall printf ExprList ""Tree%d: "" + i 1 FuncCall scanf ExprList ""%d"" & ArrayRef tree i End For DeclList Decl i int 0 < i 3 ++ i Compound += cut % % ArrayRef tree i max ArrayRef tree i End FuncCall printf ExprList ""Amount to remove: %d\n"" cut FuncCall getchar Return 0 End"
62,FileAST FuncDef Decl FuncDecl ParamList Decl x int Decl y int add int Compound Decl carry int 0 Decl result int 0 Decl i int For = i 0 < i 32 ++ i Compound Decl a int & >> x i 1 Decl b int & >> y i 1 |= result << ^ ^ a b carry i = carry | | & a b & b carry & carry a End Return result End
102,"FileAST FuncDef Decl FuncDecl main int Compound Decl c int Decl PtrDecl buf char FuncCall calloc ExprList 1 sizeof Typename TypeDecl char Decl len int While != = c FuncCall getchar eof Compound = len FuncCall strlen ExprList buf = buf FuncCall realloc ExprList buf + len 1 = ArrayRef buf len Cast Typename TypeDecl char c = ArrayRef buf + len 1 '\0' End FuncCall printf ExprList ""%s"" buf End"
127,FileAST FuncDef Decl FuncDecl ParamList Decl PtrDecl root treenode minDepth int Compound If == root null Compound Return 0 End If && == StructRef root left null == StructRef root right null Compound Return 1 End Decl minDepth_left int FuncCall mindepth ExprList StructRef root left Decl minDepth_right int FuncCall mindepth ExprList StructRef root right If ! StructRef root left Compound Return + mindepth_right 1 End If ! StructRef root right Compound Return + mindepth_left 1 End If > mindepth_right mindepth_left Compound Return + mindepth_left 1 End Compound Return + mindepth_right 1 End End
94,"FileAST FuncDef Decl FuncDecl ParamList Decl argc int Decl PtrDecl PtrDecl argv char main int Compound * file input If > argc 1 Compound If ! FuncCall strcmp ExprList ArrayRef argv 1 ""-"" Compound = input stdin End Compound = input FuncCall fopen ExprList ArrayRef argv 1 ""r"" If == null input Compound FuncCall fprintf ExprList stderr ""Unable to open '%s': %s\n"" ArrayRef argv 1 FuncCall strerror ExprList errno FuncCall exit ExprList exit_failure End End End Compound = input stdin End FuncCall printf ExprList ""Size of file: %ld\n"" FuncCall getsizeofinput ExprList input Return exit_success End"
138,"FileAST FuncDef Decl FuncDecl ParamList Typename TypeDecl void main int Compound Decl i int Decl l int Decl m int Decl upper int 1 Decl c char Decl ArrayDecl buff char ""this is a simple string"" = l FuncCall strlen ExprList buff FuncCall printf ExprList ""Original string:\n\t'%s'\n\n"" buff For = i 0 < i l ++ i Compound If upper = ArrayRef buff i FuncCall toupper ExprList ArrayRef buff i = upper FuncCall isspace ExprList ArrayRef buff i End FuncCall printf ExprList ""Capitalized:\n\t'%s'\n\n"" buff For = i 0 < i / l 2 ++ i Compound = c ArrayRef buff i = ArrayRef buff i ArrayRef buff - l + i 1 = ArrayRef buff - l + i 1 c End FuncCall printf ExprList ""Reversed:\n\t'%s'\n\n"" buff Return 0 End"
50,"FileAST FuncDef Decl FuncDecl ParamList Typename TypeDecl void main int Compound Decl n int 0 Decl c int While && && != = c FuncCall getchar eof FuncCall isdigit ExprList c >= / - int_max - c '0' 10 n Compound *= n 10 += n - c '0' End If == c eof FuncCall printf ExprList ""End of file || an error was encountered"" If == c '\n' FuncCall printf ExprList ""Newline encountered"" If ! FuncCall isdigit ExprList c FuncCall printf ExprList ""Non-digit character %c encountered"" c If < / - int_max - c '0' 10 n FuncCall printf ExprList ""Overflow would be caused by appending %c"" c FuncCall printf ExprList ""unexpected logic error"" FuncCall printf ExprList "" after %d\n"" n Return 0 End"
222,"FileAST FuncDef Decl FuncDecl main int Compound Decl i int Decl n int Decl ArrayDecl a int size FuncCall printf ExprList ""enter number of elements(disks) 0-%d\n"" - size 1 While || != FuncCall scanf ExprList ""%d"" & n 1 >= n size Compound FuncCall scanf ExprList ""%*[^0-9\n]"" FuncCall printf ExprList ""problem with input, try again\n"" End FuncCall printf ExprList ""number was %d\n"" n FuncCall printf ExprList ""enter the elements in ascending  order\n"" For = i 0 < i n ++ i Compound While != FuncCall scanf ExprList ""%d"" & ArrayRef a i 1 Compound FuncCall scanf ExprList ""%*[^-0-9\n]"" FuncCall printf ExprList ""problem with input, try again\n"" End FuncCall printf ExprList ""number for a[%d] was %d\n"" i ArrayRef a i End Return 0 End"
67,"FileAST FuncDef Decl FuncDecl ParamList Decl argc int Decl PtrDecl PtrDecl argv char main int Compound FuncCall gen_primes FuncCall gen_table Decl cases int 0 FuncCall scanf ExprList ""%d"" & cases For DeclList Decl i int 0 < i cases ++ i Compound Decl a long Decl b long FuncCall scanf ExprList ""%lld %lld"" & a & b FuncCall printf ExprList ""%lld\n"" - FuncCall count_lucky ExprList b FuncCall count_lucky ExprList - a 1 End Return 0 End"
208,"FileAST FuncDef Decl FuncDecl ParamList Decl argc int Decl ArrayDecl PtrDecl argv char main int Compound Decl ArrayDecl a int InitList 31 44 44 67 67 99 99 100 101 Decl k int FuncCall remove_dups ExprList a 9 FuncCall assert ExprList == k 3 For DeclList Decl i int 0 < i k ++ i FuncCall printf ExprList ""%d "" ArrayRef a i FuncCall printf ExprList ""\n\n"" Decl ArrayDecl b int InitList - 5 - 3 - 2 - 2 - 2 - 2 1 3 5 5 18 18 = k FuncCall remove_dups ExprList b 12 FuncCall assert ExprList == k 4 For DeclList Decl i int 0 < i k ++ i FuncCall printf ExprList ""%d "" ArrayRef b i FuncCall printf ExprList ""\n\n"" Decl ArrayDecl c int InitList 1 2 3 4 5 6 7 8 9 = k FuncCall remove_dups ExprList c 9 FuncCall assert ExprList == k 9 For DeclList Decl i int 0 < i k ++ i FuncCall printf ExprList ""%d "" ArrayRef c i Return 0 End"
132,"FileAST FuncDef Decl FuncDecl main int Compound FuncCall srand ExprList FuncCall time ExprList null Decl ArrayDecl intarr int InitList 1 - 5 7 3 20 2 FuncCall print_type ExprList FuncCall nelems ExprList intarr FuncCall printf ExprList ""%d,"" ArrayRef intarr i FuncCall shuffle ExprList intarr FuncCall nelems ExprList intarr sizeof ArrayRef intarr 0 FuncCall print_type ExprList FuncCall nelems ExprList intarr FuncCall printf ExprList ""%d,"" ArrayRef intarr i Decl ArrayDecl cmparr cmplex InitList InitList 1 3.14 InitList 5 7.12 InitList 9 8.94 InitList 20 1.84 FuncCall print_type ExprList FuncCall nelems ExprList intarr FuncCall printf ExprList ""{%d %f},"" StructRef ArrayRef cmparr i foo StructRef ArrayRef cmparr i bar FuncCall shuffle ExprList cmparr FuncCall nelems ExprList cmparr sizeof ArrayRef cmparr 0 FuncCall print_type ExprList FuncCall nelems ExprList intarr FuncCall printf ExprList ""{%d %f},"" StructRef ArrayRef cmparr i foo StructRef ArrayRef cmparr i bar Return 0 End"
165,FileAST FuncDef Decl FuncDecl ParamList Decl PtrDecl PtrDecl head_ref node Decl key int deleteNode void Compound Decl PtrDecl temp node * head_ref Decl PtrDecl prev node If && != temp null == StructRef temp data key Compound = * head_ref StructRef temp next FuncCall free ExprList temp Return End While && != temp null != StructRef temp data key Compound = prev temp = temp StructRef temp next End If == temp null Return = StructRef prev next StructRef temp next FuncCall free ExprList temp End
220,"FileAST FuncDef Decl FuncDecl ParamList Typename TypeDecl void main int Compound Decl i int 0 Decl ch int FuncCall printf ExprList ""voer een getal in: "" While != = ch FuncCall getchar '\n' Compound If || > ch '9' < ch '0' Continue *= i 10 += i - ch '0' End FuncCall printf ExprList ""het ingevoerde getal is: %d\n"" i Return exit_succes End"
207,"FileAST FuncDef Decl FuncDecl ParamList Typename TypeDecl void main int Compound Decl ArrayDecl a int 11 InitList 1 2 3 4 5 11 11 11 11 16 16 Decl a_size int / sizeof a sizeof ArrayRef a 0 FuncCall print ExprList a a_size ""Before"" ""a"" = a_size FuncCall compact ExprList a a_size FuncCall print ExprList a a_size ""After"" ""a"" Decl ArrayDecl b int 11 InitList 11 1 11 3 16 2 5 11 4 11 16 Decl b_size int / sizeof b sizeof ArrayRef b 0 FuncCall print ExprList b b_size ""Before"" ""b"" FuncCall qsort ExprList b b_size sizeof ArrayRef b 0 intcmp FuncCall print ExprList b b_size ""Sorted"" ""b"" = b_size FuncCall compact ExprList b b_size FuncCall print ExprList b b_size ""After"" ""b"" Return 0 End"
176,"FileAST FuncDef Decl FuncDecl main int Compound Decl m float Decl n float Decl p float FuncCall scanf ExprList ""%f%f%f"" & m & n & p If && >= m n >= m p Compound FuncCall printf ExprList ""%f"" m End If && >= n p >= n m Compound FuncCall printf ExprList ""%f"" n End Compound FuncCall printf ExprList ""%f"" p End Return 0 End"
209,"FileAST FuncDef Decl FuncDecl ParamList Typename TypeDecl void main int Compound Decl ArrayDecl a int 11 InitList 1 2 3 4 5 11 11 11 11 16 16 Decl a_size int / sizeof a sizeof ArrayRef a 0 FuncCall print ExprList a a_size ""Before"" ""a"" = a_size FuncCall compact ExprList a a_size FuncCall print ExprList a a_size ""After"" ""a"" Decl ArrayDecl b int 11 InitList 11 1 11 3 16 2 5 11 4 11 16 Decl b_size int / sizeof b sizeof ArrayRef b 0 FuncCall print ExprList b b_size ""Before"" ""b"" FuncCall qsort ExprList b b_size sizeof ArrayRef b 0 intcmp FuncCall print ExprList b b_size ""Sorted"" ""b"" = b_size FuncCall compact ExprList b b_size FuncCall print ExprList b b_size ""After"" ""b"" Return 0 End"
224,"FileAST FuncDef Decl FuncDecl main int Compound * file fp Decl read char = fp FuncCall fopen ExprList ""Xvalues.txt"" ""r"" Decl ArrayDecl array float 10 Decl i int DoWhile != read eof Compound = read FuncCall fscanf ExprList fp ""%f %f %f %f %f %f %f %f %f %f"" & ArrayRef array 0 & ArrayRef array 1 & ArrayRef array 2 & ArrayRef array 3 & ArrayRef array 4 & ArrayRef array 5 & ArrayRef array 6 & ArrayRef array 7 & ArrayRef array 8 & ArrayRef array 9 FuncCall fclose ExprList fp For = i 0 < i 10 ++ i Compound FuncCall printf ExprList ""%f "" ArrayRef array i End FuncCall printf ExprList ""\n"" End Return 0 End"
217,FileAST FuncDef Decl FuncDecl ParamList Decl n int Decl d int mod int Compound Decl dx int d While == >> << dx 1 1 dx <<= dx 1 While >= dx d Compound While >= n dx -= n dx >>= dx 1 End Return n End
227,FileAST FuncDef Decl FuncDecl ParamList Decl n int fib int Compound Decl a int 0 Decl b int 1 While > -- n 1 Compound Decl t int a = a b += b t End Return b End
226,"FileAST FuncDef Decl FuncDecl main int Compound Decl n int 0 While 1 Compound ++ n If == n 998 Continue If > n 1000 Break FuncCall printf ExprList ""%d\n"" n End Return 0 End"
211,"FileAST FuncDef Decl FuncDecl ParamList Decl argc int Decl ArrayDecl PtrDecl argv char main int Compound Decl ArrayDecl a int InitList 31 44 44 67 67 99 99 100 101 Decl k int FuncCall remove_dups ExprList a 9 FuncCall assert ExprList == k 3 For DeclList Decl i int 0 < i k ++ i FuncCall printf ExprList ""%d "" ArrayRef a i FuncCall printf ExprList ""\n\n"" Decl ArrayDecl b int InitList - 5 - 3 - 2 - 2 - 2 - 2 1 3 5 5 18 18 = k FuncCall remove_dups ExprList b 12 FuncCall assert ExprList == k 4 For DeclList Decl i int 0 < i k ++ i FuncCall printf ExprList ""%d "" ArrayRef b i FuncCall printf ExprList ""\n\n"" Decl ArrayDecl c int InitList 1 2 3 4 5 6 7 8 9 = k FuncCall remove_dups ExprList c 9 FuncCall assert ExprList == k 9 For DeclList Decl i int 0 < i k ++ i FuncCall printf ExprList ""%d "" ArrayRef c i Return 0 End"
225,"FileAST FuncDef Decl FuncDecl main int Compound For DeclList Decl i int 1 <= i 1000 ++ i Compound If == i 998 Compound Continue End FuncCall printf ExprList ""%d\n"" i End Return 0 End"
228,FileAST FuncDef Decl FuncDecl ParamList Decl n int fib int Compound If < n 2 Return n If == n 2 Return 1 Decl k int / n 2 Decl a int FuncCall fib ExprList + k 1 Decl b int FuncCall fib ExprList k If == % n 2 1 Return + * a a * b b Return * b - * 2 a b End
