id,algo,file,path
1,binary_search,impl_000000.cpp,/home/azureuser/HySCU/create_dataset/dataset/cpp/eval/binary_search/impl_000000.cpp
2,binary_search,impl_000001.cpp,/home/azureuser/HySCU/create_dataset/dataset/cpp/eval/binary_search/impl_000001.cpp
3,binary_search,impl_000003.cpp,/home/azureuser/HySCU/create_dataset/dataset/cpp/eval/binary_search/impl_000003.cpp
4,binary_search,impl_000004.cpp,/home/azureuser/HySCU/create_dataset/dataset/cpp/eval/binary_search/impl_000004.cpp
5,binary_search,impl_000005.cpp,/home/azureuser/HySCU/create_dataset/dataset/cpp/eval/binary_search/impl_000005.cpp
6,binary_search,impl_000006.cpp,/home/azureuser/HySCU/create_dataset/dataset/cpp/eval/binary_search/impl_000006.cpp
7,binary_search,impl_000007.cpp,/home/azureuser/HySCU/create_dataset/dataset/cpp/eval/binary_search/impl_000007.cpp
8,binary_search,impl_000011.cpp,/home/azureuser/HySCU/create_dataset/dataset/cpp/eval/binary_search/impl_000011.cpp
9,binary_search,impl_000013.cpp,/home/azureuser/HySCU/create_dataset/dataset/cpp/eval/binary_search/impl_000013.cpp
10,gcd,impl_000000.cpp,/home/azureuser/HySCU/create_dataset/dataset/cpp/eval/gcd/impl_000000.cpp
11,gcd,impl_000001.cpp,/home/azureuser/HySCU/create_dataset/dataset/cpp/eval/gcd/impl_000001.cpp
12,gcd,impl_000002.cpp,/home/azureuser/HySCU/create_dataset/dataset/cpp/eval/gcd/impl_000002.cpp
13,gcd,impl_000003.cpp,/home/azureuser/HySCU/create_dataset/dataset/cpp/eval/gcd/impl_000003.cpp
14,gcd,impl_000004.cpp,/home/azureuser/HySCU/create_dataset/dataset/cpp/eval/gcd/impl_000004.cpp
15,gcd,impl_000005.cpp,/home/azureuser/HySCU/create_dataset/dataset/cpp/eval/gcd/impl_000005.cpp
16,gcd,impl_000006.cpp,/home/azureuser/HySCU/create_dataset/dataset/cpp/eval/gcd/impl_000006.cpp
17,gcd,impl_000007.cpp,/home/azureuser/HySCU/create_dataset/dataset/cpp/eval/gcd/impl_000007.cpp
18,gcd,impl_000008.cpp,/home/azureuser/HySCU/create_dataset/dataset/cpp/eval/gcd/impl_000008.cpp
19,gcd,impl_000009.cpp,/home/azureuser/HySCU/create_dataset/dataset/cpp/eval/gcd/impl_000009.cpp
20,gcd,impl_000010.cpp,/home/azureuser/HySCU/create_dataset/dataset/cpp/eval/gcd/impl_000010.cpp
21,gcd,impl_000011.cpp,/home/azureuser/HySCU/create_dataset/dataset/cpp/eval/gcd/impl_000011.cpp
22,gcd,impl_000013.cpp,/home/azureuser/HySCU/create_dataset/dataset/cpp/eval/gcd/impl_000013.cpp
23,gcd,impl_000014.cpp,/home/azureuser/HySCU/create_dataset/dataset/cpp/eval/gcd/impl_000014.cpp
24,is_non_decreasing,impl_000000.cpp,/home/azureuser/HySCU/create_dataset/dataset/cpp/eval/is_non_decreasing/impl_000000.cpp
25,is_non_decreasing,impl_000001.cpp,/home/azureuser/HySCU/create_dataset/dataset/cpp/eval/is_non_decreasing/impl_000001.cpp
26,is_non_decreasing,impl_000002.cpp,/home/azureuser/HySCU/create_dataset/dataset/cpp/eval/is_non_decreasing/impl_000002.cpp
27,is_non_decreasing,impl_000003.cpp,/home/azureuser/HySCU/create_dataset/dataset/cpp/eval/is_non_decreasing/impl_000003.cpp
28,is_non_decreasing,impl_000004.cpp,/home/azureuser/HySCU/create_dataset/dataset/cpp/eval/is_non_decreasing/impl_000004.cpp
29,is_non_decreasing,impl_000005.cpp,/home/azureuser/HySCU/create_dataset/dataset/cpp/eval/is_non_decreasing/impl_000005.cpp
30,is_non_decreasing,impl_000006.cpp,/home/azureuser/HySCU/create_dataset/dataset/cpp/eval/is_non_decreasing/impl_000006.cpp
31,is_non_decreasing,impl_000007.cpp,/home/azureuser/HySCU/create_dataset/dataset/cpp/eval/is_non_decreasing/impl_000007.cpp
32,is_non_decreasing,impl_000009.cpp,/home/azureuser/HySCU/create_dataset/dataset/cpp/eval/is_non_decreasing/impl_000009.cpp
33,is_non_decreasing,impl_000010.cpp,/home/azureuser/HySCU/create_dataset/dataset/cpp/eval/is_non_decreasing/impl_000010.cpp
34,is_non_decreasing,impl_000011.cpp,/home/azureuser/HySCU/create_dataset/dataset/cpp/eval/is_non_decreasing/impl_000011.cpp
35,is_non_decreasing,impl_000012.cpp,/home/azureuser/HySCU/create_dataset/dataset/cpp/eval/is_non_decreasing/impl_000012.cpp
36,is_non_decreasing,impl_000013.cpp,/home/azureuser/HySCU/create_dataset/dataset/cpp/eval/is_non_decreasing/impl_000013.cpp
37,is_prime,impl_000000.cpp,/home/azureuser/HySCU/create_dataset/dataset/cpp/eval/is_prime/impl_000000.cpp
38,is_prime,impl_000001.cpp,/home/azureuser/HySCU/create_dataset/dataset/cpp/eval/is_prime/impl_000001.cpp
39,is_prime,impl_000002.cpp,/home/azureuser/HySCU/create_dataset/dataset/cpp/eval/is_prime/impl_000002.cpp
40,is_prime,impl_000004.cpp,/home/azureuser/HySCU/create_dataset/dataset/cpp/eval/is_prime/impl_000004.cpp
41,is_prime,impl_000005.cpp,/home/azureuser/HySCU/create_dataset/dataset/cpp/eval/is_prime/impl_000005.cpp
42,is_prime,impl_000006.cpp,/home/azureuser/HySCU/create_dataset/dataset/cpp/eval/is_prime/impl_000006.cpp
43,is_prime,impl_000008.cpp,/home/azureuser/HySCU/create_dataset/dataset/cpp/eval/is_prime/impl_000008.cpp
44,is_prime,impl_000009.cpp,/home/azureuser/HySCU/create_dataset/dataset/cpp/eval/is_prime/impl_000009.cpp
45,is_prime,impl_000010.cpp,/home/azureuser/HySCU/create_dataset/dataset/cpp/eval/is_prime/impl_000010.cpp
46,is_prime,impl_000011.cpp,/home/azureuser/HySCU/create_dataset/dataset/cpp/eval/is_prime/impl_000011.cpp
47,is_prime,impl_000012.cpp,/home/azureuser/HySCU/create_dataset/dataset/cpp/eval/is_prime/impl_000012.cpp
48,is_prime,impl_000013.cpp,/home/azureuser/HySCU/create_dataset/dataset/cpp/eval/is_prime/impl_000013.cpp
49,is_prime,impl_000014.cpp,/home/azureuser/HySCU/create_dataset/dataset/cpp/eval/is_prime/impl_000014.cpp
50,lcm,impl_000000.cpp,/home/azureuser/HySCU/create_dataset/dataset/cpp/eval/lcm/impl_000000.cpp
51,lcm,impl_000001.cpp,/home/azureuser/HySCU/create_dataset/dataset/cpp/eval/lcm/impl_000001.cpp
52,lcm,impl_000002.cpp,/home/azureuser/HySCU/create_dataset/dataset/cpp/eval/lcm/impl_000002.cpp
53,lcm,impl_000003.cpp,/home/azureuser/HySCU/create_dataset/dataset/cpp/eval/lcm/impl_000003.cpp
54,lcm,impl_000004.cpp,/home/azureuser/HySCU/create_dataset/dataset/cpp/eval/lcm/impl_000004.cpp
55,lcm,impl_000005.cpp,/home/azureuser/HySCU/create_dataset/dataset/cpp/eval/lcm/impl_000005.cpp
56,lcm,impl_000006.cpp,/home/azureuser/HySCU/create_dataset/dataset/cpp/eval/lcm/impl_000006.cpp
57,lcm,impl_000007.cpp,/home/azureuser/HySCU/create_dataset/dataset/cpp/eval/lcm/impl_000007.cpp
58,lcm,impl_000008.cpp,/home/azureuser/HySCU/create_dataset/dataset/cpp/eval/lcm/impl_000008.cpp
59,lcm,impl_000009.cpp,/home/azureuser/HySCU/create_dataset/dataset/cpp/eval/lcm/impl_000009.cpp
60,lcm,impl_000010.cpp,/home/azureuser/HySCU/create_dataset/dataset/cpp/eval/lcm/impl_000010.cpp
61,lcm,impl_000011.cpp,/home/azureuser/HySCU/create_dataset/dataset/cpp/eval/lcm/impl_000011.cpp
62,lcm,impl_000012.cpp,/home/azureuser/HySCU/create_dataset/dataset/cpp/eval/lcm/impl_000012.cpp
63,lcm,impl_000013.cpp,/home/azureuser/HySCU/create_dataset/dataset/cpp/eval/lcm/impl_000013.cpp
64,lcm,impl_000014.cpp,/home/azureuser/HySCU/create_dataset/dataset/cpp/eval/lcm/impl_000014.cpp
65,lower_bound,impl_000000.cpp,/home/azureuser/HySCU/create_dataset/dataset/cpp/eval/lower_bound/impl_000000.cpp
66,lower_bound,impl_000001.cpp,/home/azureuser/HySCU/create_dataset/dataset/cpp/eval/lower_bound/impl_000001.cpp
67,lower_bound,impl_000002.cpp,/home/azureuser/HySCU/create_dataset/dataset/cpp/eval/lower_bound/impl_000002.cpp
68,lower_bound,impl_000003.cpp,/home/azureuser/HySCU/create_dataset/dataset/cpp/eval/lower_bound/impl_000003.cpp
69,lower_bound,impl_000005.cpp,/home/azureuser/HySCU/create_dataset/dataset/cpp/eval/lower_bound/impl_000005.cpp
70,lower_bound,impl_000006.cpp,/home/azureuser/HySCU/create_dataset/dataset/cpp/eval/lower_bound/impl_000006.cpp
71,lower_bound,impl_000007.cpp,/home/azureuser/HySCU/create_dataset/dataset/cpp/eval/lower_bound/impl_000007.cpp
72,lower_bound,impl_000008.cpp,/home/azureuser/HySCU/create_dataset/dataset/cpp/eval/lower_bound/impl_000008.cpp
73,lower_bound,impl_000009.cpp,/home/azureuser/HySCU/create_dataset/dataset/cpp/eval/lower_bound/impl_000009.cpp
74,lower_bound,impl_000010.cpp,/home/azureuser/HySCU/create_dataset/dataset/cpp/eval/lower_bound/impl_000010.cpp
75,lower_bound,impl_000013.cpp,/home/azureuser/HySCU/create_dataset/dataset/cpp/eval/lower_bound/impl_000013.cpp
76,lower_bound,impl_000014.cpp,/home/azureuser/HySCU/create_dataset/dataset/cpp/eval/lower_bound/impl_000014.cpp
77,max_subarray_sum,impl_000000.cpp,/home/azureuser/HySCU/create_dataset/dataset/cpp/eval/max_subarray_sum/impl_000000.cpp
78,max_subarray_sum,impl_000001.cpp,/home/azureuser/HySCU/create_dataset/dataset/cpp/eval/max_subarray_sum/impl_000001.cpp
79,max_subarray_sum,impl_000002.cpp,/home/azureuser/HySCU/create_dataset/dataset/cpp/eval/max_subarray_sum/impl_000002.cpp
80,max_subarray_sum,impl_000003.cpp,/home/azureuser/HySCU/create_dataset/dataset/cpp/eval/max_subarray_sum/impl_000003.cpp
81,max_subarray_sum,impl_000004.cpp,/home/azureuser/HySCU/create_dataset/dataset/cpp/eval/max_subarray_sum/impl_000004.cpp
82,max_subarray_sum,impl_000005.cpp,/home/azureuser/HySCU/create_dataset/dataset/cpp/eval/max_subarray_sum/impl_000005.cpp
83,max_subarray_sum,impl_000006.cpp,/home/azureuser/HySCU/create_dataset/dataset/cpp/eval/max_subarray_sum/impl_000006.cpp
84,max_subarray_sum,impl_000007.cpp,/home/azureuser/HySCU/create_dataset/dataset/cpp/eval/max_subarray_sum/impl_000007.cpp
85,max_subarray_sum,impl_000008.cpp,/home/azureuser/HySCU/create_dataset/dataset/cpp/eval/max_subarray_sum/impl_000008.cpp
86,max_subarray_sum,impl_000009.cpp,/home/azureuser/HySCU/create_dataset/dataset/cpp/eval/max_subarray_sum/impl_000009.cpp
87,max_subarray_sum,impl_000010.cpp,/home/azureuser/HySCU/create_dataset/dataset/cpp/eval/max_subarray_sum/impl_000010.cpp
88,max_subarray_sum,impl_000011.cpp,/home/azureuser/HySCU/create_dataset/dataset/cpp/eval/max_subarray_sum/impl_000011.cpp
89,max_subarray_sum,impl_000012.cpp,/home/azureuser/HySCU/create_dataset/dataset/cpp/eval/max_subarray_sum/impl_000012.cpp
90,max_subarray_sum,impl_000013.cpp,/home/azureuser/HySCU/create_dataset/dataset/cpp/eval/max_subarray_sum/impl_000013.cpp
91,max_subarray_sum,impl_000014.cpp,/home/azureuser/HySCU/create_dataset/dataset/cpp/eval/max_subarray_sum/impl_000014.cpp
92,popcount_u32,impl_000000.cpp,/home/azureuser/HySCU/create_dataset/dataset/cpp/eval/popcount_u32/impl_000000.cpp
93,popcount_u32,impl_000001.cpp,/home/azureuser/HySCU/create_dataset/dataset/cpp/eval/popcount_u32/impl_000001.cpp
94,popcount_u32,impl_000002.cpp,/home/azureuser/HySCU/create_dataset/dataset/cpp/eval/popcount_u32/impl_000002.cpp
95,popcount_u32,impl_000003.cpp,/home/azureuser/HySCU/create_dataset/dataset/cpp/eval/popcount_u32/impl_000003.cpp
96,popcount_u32,impl_000005.cpp,/home/azureuser/HySCU/create_dataset/dataset/cpp/eval/popcount_u32/impl_000005.cpp
97,popcount_u32,impl_000006.cpp,/home/azureuser/HySCU/create_dataset/dataset/cpp/eval/popcount_u32/impl_000006.cpp
98,popcount_u32,impl_000007.cpp,/home/azureuser/HySCU/create_dataset/dataset/cpp/eval/popcount_u32/impl_000007.cpp
99,popcount_u32,impl_000009.cpp,/home/azureuser/HySCU/create_dataset/dataset/cpp/eval/popcount_u32/impl_000009.cpp
100,popcount_u32,impl_000010.cpp,/home/azureuser/HySCU/create_dataset/dataset/cpp/eval/popcount_u32/impl_000010.cpp
101,popcount_u32,impl_000011.cpp,/home/azureuser/HySCU/create_dataset/dataset/cpp/eval/popcount_u32/impl_000011.cpp
102,popcount_u32,impl_000013.cpp,/home/azureuser/HySCU/create_dataset/dataset/cpp/eval/popcount_u32/impl_000013.cpp
103,reverse_array,impl_000000.cpp,/home/azureuser/HySCU/create_dataset/dataset/cpp/eval/reverse_array/impl_000000.cpp
104,reverse_array,impl_000001.cpp,/home/azureuser/HySCU/create_dataset/dataset/cpp/eval/reverse_array/impl_000001.cpp
105,reverse_array,impl_000002.cpp,/home/azureuser/HySCU/create_dataset/dataset/cpp/eval/reverse_array/impl_000002.cpp
106,reverse_array,impl_000003.cpp,/home/azureuser/HySCU/create_dataset/dataset/cpp/eval/reverse_array/impl_000003.cpp
107,reverse_array,impl_000004.cpp,/home/azureuser/HySCU/create_dataset/dataset/cpp/eval/reverse_array/impl_000004.cpp
108,reverse_array,impl_000006.cpp,/home/azureuser/HySCU/create_dataset/dataset/cpp/eval/reverse_array/impl_000006.cpp
109,reverse_array,impl_000007.cpp,/home/azureuser/HySCU/create_dataset/dataset/cpp/eval/reverse_array/impl_000007.cpp
110,reverse_array,impl_000008.cpp,/home/azureuser/HySCU/create_dataset/dataset/cpp/eval/reverse_array/impl_000008.cpp
111,reverse_array,impl_000009.cpp,/home/azureuser/HySCU/create_dataset/dataset/cpp/eval/reverse_array/impl_000009.cpp
112,reverse_array,impl_000010.cpp,/home/azureuser/HySCU/create_dataset/dataset/cpp/eval/reverse_array/impl_000010.cpp
113,reverse_array,impl_000011.cpp,/home/azureuser/HySCU/create_dataset/dataset/cpp/eval/reverse_array/impl_000011.cpp
114,reverse_array,impl_000012.cpp,/home/azureuser/HySCU/create_dataset/dataset/cpp/eval/reverse_array/impl_000012.cpp
115,reverse_array,impl_000013.cpp,/home/azureuser/HySCU/create_dataset/dataset/cpp/eval/reverse_array/impl_000013.cpp
116,reverse_array,impl_000014.cpp,/home/azureuser/HySCU/create_dataset/dataset/cpp/eval/reverse_array/impl_000014.cpp
117,rotl32,impl_000000.cpp,/home/azureuser/HySCU/create_dataset/dataset/cpp/eval/rotl32/impl_000000.cpp
118,rotl32,impl_000001.cpp,/home/azureuser/HySCU/create_dataset/dataset/cpp/eval/rotl32/impl_000001.cpp
119,rotl32,impl_000002.cpp,/home/azureuser/HySCU/create_dataset/dataset/cpp/eval/rotl32/impl_000002.cpp
120,rotl32,impl_000003.cpp,/home/azureuser/HySCU/create_dataset/dataset/cpp/eval/rotl32/impl_000003.cpp
121,rotl32,impl_000004.cpp,/home/azureuser/HySCU/create_dataset/dataset/cpp/eval/rotl32/impl_000004.cpp
122,rotl32,impl_000005.cpp,/home/azureuser/HySCU/create_dataset/dataset/cpp/eval/rotl32/impl_000005.cpp
123,rotl32,impl_000006.cpp,/home/azureuser/HySCU/create_dataset/dataset/cpp/eval/rotl32/impl_000006.cpp
124,rotl32,impl_000007.cpp,/home/azureuser/HySCU/create_dataset/dataset/cpp/eval/rotl32/impl_000007.cpp
125,rotl32,impl_000011.cpp,/home/azureuser/HySCU/create_dataset/dataset/cpp/eval/rotl32/impl_000011.cpp
126,rotl32,impl_000013.cpp,/home/azureuser/HySCU/create_dataset/dataset/cpp/eval/rotl32/impl_000013.cpp
127,rotl32,impl_000014.cpp,/home/azureuser/HySCU/create_dataset/dataset/cpp/eval/rotl32/impl_000014.cpp
128,str_len,impl_000001.cpp,/home/azureuser/HySCU/create_dataset/dataset/cpp/eval/str_len/impl_000001.cpp
129,str_len,impl_000002.cpp,/home/azureuser/HySCU/create_dataset/dataset/cpp/eval/str_len/impl_000002.cpp
130,str_len,impl_000003.cpp,/home/azureuser/HySCU/create_dataset/dataset/cpp/eval/str_len/impl_000003.cpp
131,str_len,impl_000004.cpp,/home/azureuser/HySCU/create_dataset/dataset/cpp/eval/str_len/impl_000004.cpp
132,str_len,impl_000007.cpp,/home/azureuser/HySCU/create_dataset/dataset/cpp/eval/str_len/impl_000007.cpp
133,str_len,impl_000008.cpp,/home/azureuser/HySCU/create_dataset/dataset/cpp/eval/str_len/impl_000008.cpp
134,str_len,impl_000009.cpp,/home/azureuser/HySCU/create_dataset/dataset/cpp/eval/str_len/impl_000009.cpp
135,str_len,impl_000011.cpp,/home/azureuser/HySCU/create_dataset/dataset/cpp/eval/str_len/impl_000011.cpp
136,str_len,impl_000012.cpp,/home/azureuser/HySCU/create_dataset/dataset/cpp/eval/str_len/impl_000012.cpp
137,str_len,impl_000014.cpp,/home/azureuser/HySCU/create_dataset/dataset/cpp/eval/str_len/impl_000014.cpp
138,sum_array,impl_000000.cpp,/home/azureuser/HySCU/create_dataset/dataset/cpp/eval/sum_array/impl_000000.cpp
139,sum_array,impl_000001.cpp,/home/azureuser/HySCU/create_dataset/dataset/cpp/eval/sum_array/impl_000001.cpp
140,sum_array,impl_000002.cpp,/home/azureuser/HySCU/create_dataset/dataset/cpp/eval/sum_array/impl_000002.cpp
141,sum_array,impl_000005.cpp,/home/azureuser/HySCU/create_dataset/dataset/cpp/eval/sum_array/impl_000005.cpp
142,sum_array,impl_000008.cpp,/home/azureuser/HySCU/create_dataset/dataset/cpp/eval/sum_array/impl_000008.cpp
143,sum_array,impl_000009.cpp,/home/azureuser/HySCU/create_dataset/dataset/cpp/eval/sum_array/impl_000009.cpp
144,sum_array,impl_000010.cpp,/home/azureuser/HySCU/create_dataset/dataset/cpp/eval/sum_array/impl_000010.cpp
145,sum_array,impl_000011.cpp,/home/azureuser/HySCU/create_dataset/dataset/cpp/eval/sum_array/impl_000011.cpp
146,sum_array,impl_000013.cpp,/home/azureuser/HySCU/create_dataset/dataset/cpp/eval/sum_array/impl_000013.cpp
147,sum_array,impl_000014.cpp,/home/azureuser/HySCU/create_dataset/dataset/cpp/eval/sum_array/impl_000014.cpp
